form	lemma	POS	morph
༁		PUNCT
ྃ་		NON_WORD
༔		PUNCT
དམ་ཆོས་	དམ་ཆོས་	NOUN
སྙིང་པོ་	སྙིང་པོ་	NOUN
སྐོར་	སྐོར་	NOUN
ལྔ་	ལྔ་	NUM
ལ་	ལ་	ADP
ས་	གིས་	PART
༔		PUNCT
ཞལ་གདམས་	ཞལ་གདམས་	NOUN
སྙིང་པོ་	སྙིང་པོ་	NOUN
འདུས་པ་	འདུས་པ་	VERB
བཞུགས་	བཞུགས་	VERB
སོ་	གོ་	PART
༔		PUNCT
མཛད་པ་པོ་	མཛད་པ་པོ་	VERB
།		PUNCT
གཏེར་ཆེན་	གཏེར་ཆེན་	OTHER
མཆོག་གྱུར་	མཆོག་གྱུར་	ADJ
གླིང་པ་	གླིང་པ་	NOUN
།		PUNCT
སངས་རྒྱས་	སངས་རྒྱས་	NOUN
ཆོ་	ཆོ་	NOUN
དང་	དང་	NO_POS
དགེ་འདུན་	དགེ་འདུན་	NOUN
ཏེ་	སྟེ་	PART
༔		PUNCT
སྐྱབས་གནས་	སྐྱབས་གནས་	NOUN
དཀོན་མཆོག་	དཀོན་མཆོག་	NOUN
གསུམ་	གསུམ་	NUM
ལ་	ལ་	PART
འདུད་	འདུད་	NO_POS
༔		PUNCT
དེ་ཡང་	དེ་ཡང་	ADV
གངས་ཅན་	གངས་ཅན་	ADJ
ལྗོངས་	ལྗོངས་	NOUN
ཀྱི་	གི་	PART
གནས་མཆོག་	གནས་མཆོག་	OTHER
རྣམས་	རྣམས་	DET
ལ་	ལ་	ADP
ས་	གིས་	PART
ཐུགས་	ཐུགས་	NOUN
གཏེར་	གཏེར་	NOUN
ཟབ་མོ་	ཟབ་མོ་	ADJ
སྦས་པ་	སྦས་པ་	VERB
འི་	གི་	PART
གནས་	གནས་	NOUN
བརྒྱད་	བརྒྱད་	NUM
ཀྱི་	གི་	PART
ནང་	ནང་	NOUN
ན་	ནས་	PART
བསྟན་པ་	བསྟན་པ་	VERB
འི་	གི་	PART
བཙའ་	བཙའ་	VERB
སུ་	ལ་	PART
བཞག་པ་	བཞག་པ་	VERB
འི་	གི་	PART
མཛོད་	མཛོད་	NOUN
ལྔ་	ལྔ་	NUM
སྒྲོམ་	སྒྲོམ་	NOUN
གསུམ་	གསུམ་	NUM
གྱི་	གི་	PART
བཅུད་	བཅུད་	NOUN
དང་	དང་	NO_POS
ལྡན་པ་	ལྡན་པ་	VERB
ཁམས་	ཁམས་	NOUN
ཀྱི་	གི་	PART
ནམ་མཁའ་	ནམ་མཁའ་	NOUN
མཛོད་	མཛོད་	NOUN
ཀྱི་	གི་	PART
ལྷོ་ཕྱོགས་	ལྷོ་ཕྱོགས་	NOUN
པདྨ་	པདྨ་	NOUN
རྒྱས་པ་	རྒྱས་པ་	VERB
འི་	གི་	PART
གླིང་	གླིང་	NOUN
དུ་	ལ་	PART
༔		PUNCT
བདག་	བདག་	PRON
ལྷ་སྲས་	ལྷ་སྲས་	NOUN
ཡེ་ཤེས་	ཡེ་ཤེས་	NOUN
རོལ་པ་	རོལ་པ་	VERB
རྩལ་	རྩལ་	NOUN
གྱིས་	གིས་	PART
གུ་རུ་	གུ་རུ་	PROPN
པདྨ་	པདྨ་	NOUN
འཁོར་	འཁོར་	NOUN
དང་	དང་	NO_POS
བཅས་པ་	བཅས་པ་	VERB
སྤྱན་	སྤྱན་	NOUN
དྲངས་	དྲངས་	NO_POS
༔		PUNCT
རིན་པོ་ཆེ་	རིན་པོ་ཆེ་	ADJ
འི་	གི་	PART
ཁྲི་	ཁྲི་	NUM
ལ་	ལ་	PART
བཞུགས་	བཞུགས་	VERB
སུ་	ལ་	PART
གསོལ་	གསོལ་	VERB
༔		PUNCT
སྐུ་	སྐུ་	NOUN
ལ་ད་	ལ་ད་	PROPN
ར་	ལ་	PART
ཟབ་	ཟབ་	VERB
སྣ་ཚོགས་	སྣ་ཚོགས་	DET
དང་	དང་	NO_POS
༔		PUNCT
ཞལ་ལ་	ཞལ་ལ་	NO_POS
བཟའ་བཏུང་	བཟའ་བཏུང་	NOUN
བཟང་པོ་	བཟང་པོ་	ADJ
སྣ་ཚོགས་	སྣ་ཚོགས་	DET
ཕུལ་	ཕུལ་	VERB
ན་	ནས་	PART
གསོལ་བ་	གསོལ་བ་	VERB
བཏབ་པ་	བཏབ་པ་	VERB
༔		PUNCT
ཀྱེ་	ཀྱེ་	INTJ
ཧོཿ་		NON_WORD
ཧོཿ་		NON_WORD
སངས་རྒྱས་	སངས་རྒྱས་	NOUN
ཀུན་	ཀུན་	DET
དང་	དང་	NO_POS
དགོངས་པ་	དགོངས་པ་	VERB
གཅིག་	གཅིག་	NUM
༔		PUNCT
ཡན་ལག་	ཡན་ལག་	NOUN
དྲུག་ཅུ་	དྲུག་ཅུ་	NUM
འི་	གི་	PART
གསུང་	གསུང་	VERB
དང་	དང་	NO_POS
ལྡན་	ལྡན་	VERB
༔		PUNCT
ཐུགས་	ཐུགས་	NOUN
ནི་	ནི་	NO_POS
ཀུན་ཁྱབ་	ཀུན་ཁྱབ་	OTHER
ནམ་མཁའ་	ནམ་མཁའ་	NOUN
འདྲ་	འདྲ་	VERB
༔		PUNCT
འགྲོ་དོན་	འགྲོ་དོན་	NOUN
དུས་	དུས་	NOUN
ལས་མི་	ལས་མི་	NOUN
ཡོལ་བ་	ཡོལ་བ་	NOUN
འི་	གི་	PART
༔		PUNCT
རྗེ་བཙུན་	རྗེ་བཙུན་	NOUN
ཨོ་རྒྱན་	ཨོ་རྒྱན་	PROPN
རིན་པོ་ཆེ་	རིན་པོ་ཆེ་	ADJ
༔		PUNCT
བདག་	བདག་	PRON
ལ་	ལ་	PART
བརྩེ་བ་	བརྩེ་བ་	VERB
ར་	ལ་	PART
དགོངས་	དགོངས་	VERB
སུ་	ལ་	PART
གསོལ་	གསོལ་	VERB
༔		PUNCT
ཕྲིན་ལས་	ཕྲིན་ལས་	NOUN
རོལ་པ་	རོལ་པ་	VERB
སྣ་ཚོགས་	སྣ་ཚོགས་	DET
ཀྱིས་	གིས་	PART
༔		PUNCT
འགྲོ་བ་	འགྲོ་བ་	VERB
ཡོངས་	ཡོངས་	DET
ལ་	ལ་	PART
བཀའ་དྲིན་	བཀའ་དྲིན་	NOUN
ཆེ་	ཆེ་	VERB
༔		PUNCT
ཁྱད་པར་	ཁྱད་པར་	NOUN
བོད་ཡུལ་	བོད་ཡུལ་	PROPN
ཞབས་	ཞབས་	NOUN
ཀྱིས་	གིས་	PART
བཅགས་	བཅགས་	NO_POS
༔		PUNCT
ལྷ་འདྲེ་	ལྷ་འདྲེ་	NOUN
ཐམས་ཅད་	ཐམས་ཅད་	DET
དམ་	གམ་	PART
ལ་བཏགས་	ལ་བཏགས་	OTHER
༔		PUNCT
གཙུག་ལག་ཁང་	གཙུག་ལག་ཁང་	NOUN
བཞེངས་	བཞེངས་	NO_POS
ཟབ་	ཟབ་	VERB
ཆོ་	ཆོ་	NOUN
བསྒྱུར་	བསྒྱུར་	VERB
༔		PUNCT
མ་འོངས་	མ་འོངས་	NOUN
དོན་	དོན་	NOUN
དུ་	ལ་	PART
གཏེར་	གཏེར་	NOUN
མང་	མང་	VERB
སྦ་	སྦ་	PROPN
ས་	གིས་	PART
༔		PUNCT
བཀའ་དྲིན་	བཀའ་དྲིན་	NOUN
ཆེ་བ་	ཆེ་བ་	VERB
ཁྱོད་	ཁྱོད་	PRON
ལ་	ལ་	ADP
ས་	གིས་	PART
སུ་	ལ་	PART
༔		PUNCT
ལྷ་སྲས་	ལྷ་སྲས་	NOUN
བདག་	བདག་	PRON
གིས་	གིས་	PART
མི་	མི་	PART
རྙེད་	རྙེད་	VERB
དོ་	གོ་	PART
༔		PUNCT
ཡང་	ཀྱང་	PART
ཟབ་	ཟབ་	VERB
བླ་མ་	བླ་མ་	NOUN
འི་	གི་	PART
སྒྲུབ་	སྒྲུབ་	VERB
སྐོར་	སྐོར་	NOUN
གསུམ་	གསུམ་	NUM
༔		PUNCT
དོན་	དོན་	NOUN
འདྲིལ་	འདྲིལ་	NO_POS
གཅིག་	གཅིག་	NUM
དང་	དང་	NO_POS
རྣམ་པ་	རྣམ་པ་	NOUN
བཞི་	བཞི་	NUM
༔		PUNCT
ཡོངས་རྫོགས་	ཡོངས་རྫོགས་	OTHER
བཀའ་	བཀའ་	NOUN
འདུ་	འདུ་	VERB
སྒྲུབ་	སྒྲུབ་	VERB
ཆེན་	ཆེན་	NO_POS
དང་	དང་	NO_POS
༔		PUNCT
མཁའ་འགྲོ་	མཁའ་འགྲོ་	NOUN
ཐུགས་	ཐུགས་	NOUN
ཀྱི་	གི་	PART
སྙིང་པོ་	སྙིང་པོ་	NOUN
སོགས་	སོགས་	DET
༔		PUNCT
ཁ་ཚང་	ཁ་ཚང་	NO_POS
དོན་	དོན་	NOUN
འདྲིལ་	འདྲིལ་	NO_POS
མན་ངག་	མན་ངག་	NOUN
རྣམས་	རྣམས་	DET
༔		PUNCT
སྦ་	སྦ་	PROPN
ས་	གིས་	PART
དང་	དང་	NO_POS
བཏོན་	བཏོན་	NO_POS
ཚུལ་	ཚུལ་	NOUN
སྤེལ་བ་	སྤེལ་བ་	VERB
འི་	གི་	PART
ཐབས་	ཐབས་	NOUN
༔		PUNCT
དགོས་པ་	དགོས་པ་	VERB
འི་	གི་	PART
དོན་འབྲས་	དོན་འབྲས་	NO_POS
ཇི་ལྟ་བུ་	ཇི་ལྟ་བུ་	NO_POS
༔		PUNCT
ཐུགས་རྗེ་	ཐུགས་རྗེ་	NOUN
ས་	གིས་	PART
དགོངས་	དགོངས་	VERB
ཏེ་	སྟེ་	PART
བསྩལ་	བསྩལ་	NO_POS
དུ་	ལ་	PART
གསོལ་	གསོལ་	VERB
༔		PUNCT
ཞེ་	ཅེས་	PART
ཞུས་པ་	ཞུས་པ་	VERB
ས་	གིས་	PART
༔		PUNCT
གུ་རུ་	གུ་རུ་	PROPN
རིན་པོ་ཆེ་	རིན་པོ་ཆེ་	ADJ
དགྱེས་པ་	དགྱེས་པ་	VERB
འི་	གི་	PART
འཛུམ་མདངས་	འཛུམ་མདངས་	OTHER
དང་	དང་	NO_POS
བཅའ་	བཅའ་	VERB
ཏེ་	སྟེ་	PART
བརྩེ་བ་	བརྩེ་བ་	VERB
ཆེན་པོ་	ཆེན་པོ་	ADJ
ས་	གིས་	PART
བཀའ་	བཀའ་	NOUN
བསྩལ་པ་	བསྩལ་པ་	NO_POS
༔		PUNCT
ཀྱེ་	ཀྱེ་	INTJ
ཧོཿ་		NON_WORD
ཧོཿ་		NON_WORD
གསོན་	གསོན་	VERB
དང་	དང་	NO_POS
འོད་གསལ་	འོད་གསལ་	NOUN
ལྷ་	ལྷ་	NOUN
ཡི་	གི་	PART
རིགས་	རིགས་	NOUN
༔		PUNCT
མཁྱེན་བརྩེ་	མཁྱེན་བརྩེ་	PROPN
འི་	གི་	PART
བདག་ཉིད་	བདག་ཉིད་	NOUN
ལྷ་སྲས་	ལྷ་སྲས་	NOUN
ལོ་ཙཱ་བ་	ལོ་ཙཱ་བ་	NOUN
༔		PUNCT
བདག་	བདག་	PRON
གི་	གི་	PART
ཐུགས་བསྐྱེད་	ཐུགས་བསྐྱེད་	OTHER
ཟབ་མོ་	ཟབ་མོ་	ADJ
འི་	གི་	PART
མན་ངག་	མན་ངག་	NOUN
རྣམས་	རྣམས་	DET
༔		PUNCT
ནམ་མཁའ་	ནམ་མཁའ་	NOUN
མཛོད་	མཛོད་	NOUN
ལ་སོགས་པ་	ལ་སོགས་པ་	NO_POS
འི་	གི་	PART
སྒྲུབ་གནས་	སྒྲུབ་གནས་	NOUN
བརྒྱད་	བརྒྱད་	NUM
༔		PUNCT
སོ་སོ་	སོ་སོ་	PRON
འི་	གི་	PART
ཞ་	ཞ་	NOUN
ལ་	ལ་	ADP
ས་	གིས་	PART
བྱུང་	བྱུང་	VERB
བཞིན་	བཞིན་	NOUN
སྦས་པ་	སྦས་པ་	VERB
དང་	དང་	NO_POS
༔		PUNCT
འདོན་པ་	འདོན་པ་	VERB
འི་	གི་	PART
སྐྱེས་བུ་	སྐྱེས་བུ་	NOUN
ལྷ་སྲས་	ལྷ་སྲས་	NOUN
ཁྱོད་	ཁྱོད་	PRON
ཉིད་	ཉིད་	DET
ཀྱི་	གི་	PART
༔		PUNCT
ཐུགས་བསྐྱེད་	ཐུགས་བསྐྱེད་	OTHER
དག་པ་	དག་པ་	VERB
འི་	གི་	PART
སྤྲུལ་པ་	སྤྲུལ་པ་	VERB
སོགས་	སོགས་	DET
ཀྱིས་	གིས་	PART
འདོན་	འདོན་	VERB
༔		PUNCT
ད་ལྟ་	ད་ལྟ་	OTHER
འི་	གི་	PART
ཡབ་	ཡབ་	NOUN
སྲ་	སྲ་	NOUN
རྗེ་འབངས་	རྗེ་འབངས་	OTHER
ཕལ་ཆེ་		
འཛོམས་	འཛོམས་	VERB
༔		PUNCT
ཟབ་མོ་	ཟབ་མོ་	ADJ
འི་	གི་	PART
གཏེར་	གཏེར་	NOUN
རྙེད་	རྙེད་	VERB
དང་པོ་	དང་པོ་	ADJ
ཉམས་	ཉམས་	NOUN
སུ་	ལ་	PART
བླང་	བླང་	NO_POS
༔		PUNCT
དེ་ནས་	དེ་ནས་	NO_POS
རིམ་པ་	རིམ་པ་	NOUN
ར་	ལ་	PART
ཚོད་	ཚོད་	NOUN
དང་	དང་	NO_POS
སྦྱར་	སྦྱར་	VERB
ཏེ་	སྟེ་	PART
སྤེལ་	སྤེལ་	VERB
༔		PUNCT
ཟབ་	ཟབ་	VERB
ཆོ་	ཆོ་	NOUN
སྤེལ་མ་	སྤེལ་མ་	NO_POS
དྲགས་	དྲགས་	NO_POS
ལ་	ལ་	PART
སྡོམ་	སྡོམ་	NOUN
མ་	མ་	PART
དྲགས་	དྲགས་	NO_POS
༔		PUNCT
དགོངས་པ་	དགོངས་པ་	VERB
ཉམས་	ཉམས་	NOUN
སུ་	ལ་	PART
བླངས་པ་	བླངས་པ་	VERB
ས་	གིས་	PART
དངོས་གྲུབ་	དངོས་གྲུབ་	NOUN
ཐོབ་	ཐོབ་	VERB
༔		PUNCT
བོད་	བོད་	PROPN
ཁམས་	ཁམས་	NOUN
བདེ་བ་	བདེ་བ་	VERB
འི་	གི་	PART
དཔལ་	དཔལ་	OTHER
ལ་	ལ་	PART
སྤྱོད་པ་	སྤྱོད་པ་	VERB
ར་	ལ་	PART
བྱེད་	བྱེད་	VERB
༔		PUNCT
ཁྱད་པར་	ཁྱད་པར་	NOUN
ལུང་བསྟན་	ལུང་བསྟན་	NOUN
མདོ་	མདོ་	NOUN
བྱང་	བྱང་	NOUN
ནང་	ནང་	NOUN
དུ་	ལ་	PART
བསྟན་	བསྟན་	VERB
༔		PUNCT
དོན་	དོན་	NOUN
གྱི་	གི་	PART
མཐར་ཐུག་	མཐར་ཐུག་	NOUN
ད་དུང་	ད་དུང་	ADV
སྟོན་པ་	སྟོན་པ་	NOUN
ར་	ལ་	PART
འགྱུར་	འགྱུར་	VERB
༔		PUNCT
ཡལ་བ་	ཡལ་བ་	VERB
ར་	ལ་	PART
མ་	མ་	PART
དོར་	དོར་	VERB
ཡབ་	ཡབ་	NOUN
སྲ་	སྲ་	NOUN
རྗེ་འབངས་	རྗེ་འབངས་	OTHER
རྣམས་	རྣམས་	DET
༔		PUNCT
སྤྱི་	སྤྱི་	DET
དང་	དང་	NO_POS
བྱེ་བྲག་	བྱེ་བྲག་	NOUN
བདག་	བདག་	PRON
གི་	གི་	PART
གདམས་པ་	གདམས་པ་	VERB
རྣམས་	རྣམས་	DET
༔		PUNCT
ཞིབ་པ་	ཞིབ་པ་	NOUN
ར་	ལ་	PART
བྲིས་	བྲིས་	VERB
ལ་སོ་	ལ་སོ་	NO_POS
སོ་	གོ་	PART
ལྷན་ཅིག་	ལྷན་ཅིག་	OTHER
སྦོ་	སྦོ་	VERB
༔		PUNCT
མ་འོངས་	མ་འོངས་	NOUN
ལས་ཅན་	ལས་ཅན་	ADJ
འཕྲད་	འཕྲད་	VERB
དུས་	དུས་	NOUN
སྙིང་	སྙིང་	NOUN
ལ་	ལ་	PART
བརྣག་	བརྣག་	NO_POS
༔		PUNCT
དགོས་པ་	དགོས་པ་	VERB
མེད་པ་	མེད་པ་	VERB
ར་	ལ་	PART
ཕྱོགས་	ཕྱོགས་	NOUN
ཙམ་	ཙམ་	DET
མ་	མ་	PART
སྨྲ་	སྨྲ་	VERB
ཞིག་	ཅིག་	PART
༔		PUNCT
ལྷ་སྲས་	ལྷ་སྲས་	NOUN
ཉིད་	ཉིད་	DET
ཀྱང་	ཀྱང་	PART
དགུང་ལོ་	དགུང་ལོ་	NOUN
དྲུག་ཅུ་	དྲུག་ཅུ་	NUM
འི་	གི་	PART
མཐ་	མཐའ་	NOUN
ར་	ལ་	PART
༔		PUNCT
འོད་གསལ་	འོད་གསལ་	NOUN
འཕོ་བ་	འཕོ་བ་	VERB
ཆེན་པོ་	ཆེན་པོ་	ADJ
འི་	གི་	PART
སྐུ་	སྐུ་	NOUN
བརྙེས་	བརྙེས་	NO_POS
ན་	ནས་	PART
༔		PUNCT
འཆི་བ་	འཆི་བ་	VERB
མེད་པ་	མེད་པ་	VERB
ར་	ལ་	PART
མི་ཡུལ་	མི་ཡུལ་	NOUN
འགྲོ་དོན་	འགྲོ་དོན་	NOUN
མཛད་	མཛད་	VERB
༔		PUNCT
ས་རྟགས་	ས་རྟགས་	NO_POS
དུས་བབ་	དུས་བབ་	NO_POS
ས་	གིས་	PART
ཟབ་	ཟབ་	VERB
གཏེར་	གཏེར་	NOUN
འདོན་པ་	འདོན་པ་	VERB
འི་	གི་	PART
ཚེ་	ཚེ་	NOUN
༔		PUNCT
སྐལ་ལྡན་	སྐལ་ལྡན་	ADJ
རྣམས་	རྣམས་	DET
ལ་	ལ་	PART
རིག་པ་	རིག་པ་	VERB
བཅུག་	བཅུག་	VERB
ན་	ནས་	PART
སུ་	ལ་	PART
༔		PUNCT
སྨོན་ལམ་	སྨོན་ལམ་	NOUN
དབང་	དབང་	NOUN
གིས་	གིས་	PART
ཟབ་མོ་	ཟབ་མོ་	ADJ
འི་	གི་	PART
གཏེར་	གཏེར་	NOUN
དང་	དང་	NO_POS
འཕྲད་	འཕྲད་	VERB
༔		PUNCT
ཐུགས་བསྐྱེད་	ཐུགས་བསྐྱེད་	OTHER
དབང་	དབང་	NOUN
གིས་	གིས་	PART
འགྲོ་དོན་	འགྲོ་དོན་	NOUN
དཔག་མེད་	དཔག་མེད་	ADJ
འགྲུབ་	འགྲུབ་	VERB
༔		PUNCT
ཞིབ་པ་	ཞིབ་པ་	NOUN
ར་	ལ་	PART
ལུང་	ལུང་	NOUN
བྱང་	བྱང་	NOUN
གཞན་	གཞན་	DET
དུ་	ལ་	PART
གསལ་	གསལ་	VERB
ལྟ་	ལྟ་	OTHER
མཛོད་	མཛོད་	NOUN
༔		PUNCT
ཅེས་	ཅེས་	PART
བཀའ་	བཀའ་	NOUN
བསྩལ་	བསྩལ་	NO_POS
ན་	ནས་	PART
ཕྱི་	ཕྱི་	NOUN
ནང་	ནང་	NOUN
གསང་བ་	གསང་བ་	VERB
འི་	གི་	PART
ལུང་	ལུང་	NOUN
བྱང་	བྱང་	NOUN
དུ་མ་	དུ་མ་	ADJ
ཕྱག་བྲིས་	ཕྱག་བྲིས་	OTHER
སུ་	ལ་	PART
བསྩལ་	བསྩལ་	NO_POS
ཏེ་	སྟེ་	PART
ལྷ་སྲས་	ལྷ་སྲས་	NOUN
བདག་	བདག་	PRON
གི་	གི་	PART
ཡིད་	ཡིད་	NOUN
ཚིམས་པ་	ཚིམས་པ་	NO_POS
ར་	ལ་	PART
གྱུར་	གྱུར་	VERB
ན་	ནས་	PART
༔		PUNCT
ད་དུང་	ད་དུང་	ADV
བདག་	བདག་	PRON
གིས་	གིས་	PART
བསྐྱང་བ་	བསྐྱང་བ་	VERB
འི་	གི་	PART
བོད་	བོད་	PROPN
འབངས་	འབངས་	NOUN
རྣམས་	རྣམས་	DET
ཀྱི་	གི་	PART
བདེ་སྡུག་	བདེ་སྡུག་	OTHER
བསྟན་པ་	བསྟན་པ་	VERB
འི་	གི་	PART
འཕེལ་འགྲིབ་	འཕེལ་འགྲིབ་	NO_POS
སྤང་བླང་	སྤང་བླང་	NOUN
ཕན་ཐབས་	ཕན་ཐབས་	NO_POS
དང་	དང་	NO_POS
བཅས་པ་	བཅས་པ་	VERB
ཇི་ལྟ་		
བགྱི་	བགྱི་	VERB
༔		PUNCT
ཞེ་	ཅེས་	PART
གསོལ་བ་	གསོལ་བ་	VERB
བཏབ་པ་	བཏབ་པ་	VERB
ས་	གིས་	PART
༔		PUNCT
གུ་རུ་	གུ་རུ་	PROPN
ས་	གིས་	PART
བཀའ་	བཀའ་	NOUN
བསྩལ་པ་	བསྩལ་པ་	NO_POS
༔		PUNCT
ཨེ་མ་ཧོ་	ཨེ་མ་ཧོ་	INTJ
༔		PUNCT
ལྷ་	ལྷ་	NOUN
ཡི་	གི་	PART
སྲས་པོ་	སྲས་པོ་	NOUN
ཡེ་ཤེས་	ཡེ་ཤེས་	NOUN
རོལ་པ་	རོལ་པ་	VERB
རྩལ་	རྩལ་	NOUN
༔		PUNCT
ཡབ་མེས་	ཡབ་མེས་	NOUN
རྣམས་	རྣམས་	DET
དང་	དང་	NO_POS
ད་ལྟ་	ད་ལྟ་	OTHER
འི་	གི་	PART
བ་	བ་	NOUN
དག་	དག་	DET
ཏུ་	ལ་	PART
༔		PUNCT
བོད་	བོད་	PROPN
ཁམས་	ཁམས་	NOUN
རྣམས་	རྣམས་	DET
ལ་	ལ་	PART
བཀའ་དྲིན་	བཀའ་དྲིན་	NOUN
ཆེ་བ་	ཆེ་བ་	VERB
ར་	ལ་	PART
མཛད་	མཛད་	VERB
༔		PUNCT
ད་དུང་	ད་དུང་	ADV
གདུང་རིགས་	གདུང་རིགས་	NO_POS
རྣམས་	རྣམས་	DET
ཀྱིས་	གིས་	PART
བོད་	བོད་	PROPN
ཁམས་	ཁམས་	NOUN
སྐྱོང་	སྐྱོང་	VERB
༔		PUNCT
མཐའ་	མཐའ་	NOUN
ན་	ནས་	PART
མཐའ་	མཐའ་	NOUN
རུ་	ལ་	PART
ཆོས་རྒྱལ་	ཆོས་རྒྱལ་	NOUN
ཡབ་	ཡབ་	NOUN
སྲ་	སྲ་	NOUN
ཀྱིས་	གིས་	PART
༔		PUNCT
བོད་	བོད་	PROPN
འབངས་	འབངས་	NOUN
ཐུགས་རྗེ་	ཐུགས་རྗེ་	NOUN
ས་	གིས་	PART
མི་	མི་	PART
གཏང་	གཏང་	NO_POS
འགྲོ་དོན་	འགྲོ་དོན་	NOUN
མཛད་	མཛད་	VERB
༔		PUNCT
བརྩེ་བ་	བརྩེ་བ་	VERB
ས་	གིས་	PART
དགོངས་	དགོངས་	VERB
ཏེ་	སྟེ་	PART
བོད་	བོད་	PROPN
འབངས་	འབངས་	NOUN
བདེ་སྡུག་	བདེ་སྡུག་	OTHER
སོགས་	སོགས་	DET
༔		PUNCT
ཐུགས་	ཐུགས་	NOUN
ལ་	ལ་	PART
བརྣག་	བརྣག་	NO_POS
ཀུན་	ཀུན་	DET
ཞུས་པ་	ཞུས་པ་	VERB
ཤིན་ཏུ་	ཤིན་ཏུ་	NO_POS
ལེགས་	ལེགས་	VERB
༔		PUNCT
གདུང་རིགས་	གདུང་རིགས་	NO_POS
བདུད་	བདུད་	NOUN
ཀྱི་	གི་	PART
རྒྱལ་པོ་	རྒྱལ་པོ་	NOUN
ས་	གིས་	PART
རྐྱེན་	རྐྱེན་	NOUN
བྱ་	བྱ་	VERB
ན་	ནས་	PART
༔		PUNCT
བོད་	བོད་	PROPN
ཁམས་	ཁམས་	NOUN
སྡུག་	སྡུག་	VERB
ལ་	ལ་	PART
སྤྱོད་པ་	སྤྱོད་པ་	VERB
འི་	གི་	PART
འགོ་	འགོ་	NO_POS
ཚུགས་པ་	ཚུགས་པ་	VERB
ས་	གིས་	PART
༔		PUNCT
ད་ལྟ་	ད་ལྟ་	OTHER
འི་	གི་	PART
དུས་	དུས་	NOUN
ལྟ་	ལྟ་	OTHER
ནམ་ཡང་	ནམ་ཡང་	OTHER
མི་	མི་	PART
འབྱུང་	འབྱུང་	VERB
ཡང་	ཀྱང་	PART
༔		PUNCT
རེ་	རེ་	NOUN
བདེ་	བདེ་	VERB
རེ་	རེ་	NOUN
མི་	མི་	PART
བདེ་བ་	བདེ་བ་	VERB
སྣ་ཚོགས་པ་	སྣ་ཚོགས་པ་	DET
༔		PUNCT
འགྲོ་བ་	འགྲོ་བ་	VERB
རྣམས་	རྣམས་	DET
ཀྱི་	གི་	PART
བཟང་ངན་	བཟང་ངན་	ADJ
སྤྱོད་པ་	སྤྱོད་པ་	VERB
ར་	ལ་	PART
རག་	རག་	VERB
༔		PUNCT
ཆོས་རྒྱལ་	ཆོས་རྒྱལ་	NOUN
ཆེན་པོ་	ཆེན་པོ་	ADJ
འི་	གི་	PART
བཀའ་	བཀའ་	NOUN
ཡི་	གི་	PART
གདམས་པ་	གདམས་པ་	VERB
ལྟ་	ལྟ་	OTHER
༔		PUNCT
ཕྱི་	ཕྱི་	NOUN
ནང་	ནང་	NOUN
གསང་	གསང་	VERB
གསུམ་	གསུམ་	NUM
བོད་	བོད་	PROPN
ཁམས་	ཁམས་	NOUN
བདེ་	བདེ་	VERB
ཐབས་	ཐབས་	NOUN
རྣམས་	རྣམས་	DET
༔		PUNCT
ཐུགས་བསྐྱེད་	ཐུགས་བསྐྱེད་	OTHER
རྣམ་པ་	རྣམ་པ་	NOUN
ར་	ལ་	PART
དག་པ་	དག་པ་	VERB
ས་	གིས་	PART
ཞིབ་པ་	ཞིབ་པ་	NOUN
ར་	ལ་	PART
སྒྲུབས་	སྒྲུབས་	VERB
༔		PUNCT
དེ་བཞིན་	དེ་བཞིན་	OTHER
བསྟན་པ་	བསྟན་པ་	VERB
འི་	གི་	PART
འཕེལ་འགྲིབ་	འཕེལ་འགྲིབ་	NO_POS
འབྱུང་བ་	འབྱུང་བ་	VERB
འི་	གི་	PART
རྐྱེན་	རྐྱེན་	NOUN
༔		PUNCT
རབ་ཏུ་	རབ་ཏུ་	NO_POS
བྱུང་	བྱུང་	VERB
དང་	དང་	NO_POS
སྔགས་པ་	སྔགས་པ་	NOUN
འི་	གི་	PART
སྡེ་གཉིས་	སྡེ་གཉིས་	NO_POS
ཀྱི་	གི་	PART
༔		PUNCT
སྤྱོད་པ་	སྤྱོད་པ་	VERB
བཟང་ངན་	བཟང་ངན་	ADJ
ཅི་	ཅི་	NO_POS
བྱེད་	བྱེད་	VERB
དེ་	སྟེ་	PART
ལ་	ལ་	PART
རག་	རག་	VERB
༔		PUNCT
དེ་ཕྱིར་	དེ་ཕྱིར་	NO_POS
མཁན་སློབ་	མཁན་སློབ་	NOUN
གཉིས་	གཉིས་	NUM
ཀྱི་	གི་	PART
བསླབ་བྱ་	བསླབ་བྱ་	VERB
ལྟ་	ལྟ་	OTHER
༔		PUNCT
སྤང་བླང་	སྤང་བླང་	NOUN
ཚུལ་བཞིན་	ཚུལ་བཞིན་	NOUN
བགྱི་	བགྱི་	VERB
ན་	ལ་	PART
བསྟན་པ་	བསྟན་པ་	VERB
འཕེལ་	འཕེལ་	VERB
༔		PUNCT
བཀའ་	བཀའ་	NOUN
ཆེམས་	ཆེམས་	NO_POS
གསུམ་པོ་	གསུམ་པོ་	NUM
ཞིབ་པ་	ཞིབ་པ་	NOUN
ར་	ལ་	PART
ཡི་གེ་	ཡི་གེ་	NOUN
ར་	ལ་	PART
བྲིས་	བྲིས་	VERB
༔		PUNCT
གཏེར་	གཏེར་	NOUN
དུ་	ལ་	PART
སྦོ་	སྦོ་	VERB
ལ་	ལ་	PART
སྨོན་ལམ་	སྨོན་ལམ་	NOUN
ཡང་ཡང་	ཡང་ཡང་	NO_POS
ཐོབས་		NON_WORD
༔		PUNCT
ཞེས་་	ཞེས་པ་	PART
ལ་སོགས་པ་	ལ་སོགས་པ་	NO_POS
འི་	གི་	PART
བོད་	བོད་	PROPN
ཁམས་	ཁམས་	NOUN
བདེ་	བདེ་	VERB
ཐབས་	ཐབས་	NOUN
ཀྱི་	གི་	PART
ཆོ་	ཆོ་	NOUN
བཅུ་	བཅུ་	NUM
མན་ངག་	མན་ངག་	NOUN
ཕྲ་མོ་	ཕྲ་མོ་	ADJ
དང་	དང་	NO_POS
བཅས་པ་	བཅས་པ་	VERB
བསྩལ་	བསྩལ་	NO_POS
ཞིང་	ཅིང་	PART
༔		PUNCT
དེ་	སྟེ་	PART
ལ་	ལ་	PART
བཀའ་	བཀའ་	NOUN
ཆེམས་	ཆེམས་	NO_POS
རྒྱ་	རྒྱ་	VERB
བསྡུས་འབྲིང་	བསྡུས་འབྲིང་	NO_POS
གསུམ་	གསུམ་	NUM
༔		PUNCT
ཤིན་ཏུ་	ཤིན་ཏུ་	NO_POS
བསྡུས་པ་	བསྡུས་པ་	VERB
དང་	དང་	NO_POS
བཞི་	བཞི་	NUM
ལ་	ལ་	ADP
ས་	གིས་	PART
༔		PUNCT
སྙིང་པོ་	སྙིང་པོ་	NOUN
ར་	ལ་	PART
འདུས་པ་	འདུས་པ་	VERB
འདི་ལྟ་སྟེ་	འདི་ལྟ་སྟེ་	NO_POS
༔		PUNCT
རྟ་ལོ་	རྟ་ལོ་	NO_POS
དཔྱིད་ཟླ་	དཔྱིད་ཟླ་	NOUN
ར་བ་	ར་བ་	NOUN
འི་	གི་	PART
ཚེས་བཅུ་	ཚེས་བཅུ་	OTHER
ལ་	ལ་	PART
ར་ས་	ར་ས་	PROPN
འཕྲུལ་སྣང་	འཕྲུལ་སྣང་	PROPN
གི་	གི་	PART
གཙུག་ལག་ཁང་	གཙུག་ལག་ཁང་	NOUN
ཆེན་པོ་	ཆེན་པོ་	ADJ
ར་	ལ་	PART
བདག་	བདག་	PRON
གི་	གི་	PART
ཡབ་	ཡབ་	NOUN
རྒྱལ་པོ་	རྒྱལ་པོ་	NOUN
ཁྲི་	ཁྲི་	NUM
སྲོང་	སྲོང་	NO_POS
ལྡེའུ་	ལྡེའུ་	OTHER
བཙན་	བཙན་	VERB
གྱིས་	གིས་	PART
སྲ་	སྲ་	NOUN
གསུམ་	གསུམ་	NUM
བློན་	བློན་	NO_POS
འབངས་	འབངས་	NOUN
རྣམས་	རྣམས་	DET
བསྡུ་	བསྡུ་	VERB
ཏེ་	སྟེ་	PART
མ་འོངས་པ་	མ་འོངས་པ་	OTHER
འི་	གི་	PART
བོད་	བོད་	PROPN
འབངས་	འབངས་	NOUN
རྣམས་	རྣམས་	DET
ལ་	ལ་	PART
བཀའ་	བཀའ་	NOUN
ཆེམས་	ཆེམས་	NO_POS
ཞིབ་	ཞིབ་	NO_POS
ཏུ་	ལ་	PART
གདམས་	གདམས་	NOUN
ཤིང་	ཅིང་	PART
༔		PUNCT
རྡོ་རིང་	རྡོ་རིང་	OTHER
གི་	གི་	PART
ལོགས་	ལོགས་	NOUN
སུ་	ལ་	PART
བཏབ་པ་	བཏབ་པ་	VERB
དང་	དང་	NO_POS
༔		PUNCT
ཡི་གེ་	ཡི་གེ་	NOUN
ར་	ལ་	PART
བྲིས་	བྲིས་	VERB
ཏེ་	སྟེ་	PART
གཏེར་	གཏེར་	NOUN
དུ་	ལ་	PART
སྦས་པ་	སྦས་པ་	VERB
ནི་	ནི་	NO_POS
༔		PUNCT
མ་འོངས་	མ་འོངས་	NOUN
བདག་	བདག་	PRON
གི་	གི་	PART
གདུང་རྒྱུད་	གདུང་རྒྱུད་	OTHER
ལ་སོགས་པ་	ལ་སོགས་པ་	NO_POS
འི་	གི་	PART
༔		PUNCT
བོད་	བོད་	PROPN
ཁམས་	ཁམས་	NOUN
སྐྱོང་བ་	སྐྱོང་བ་	VERB
འི་	གི་	PART
རྒྱལ་པོ་	རྒྱལ་པོ་	NOUN
བྱེད་པ་	བྱེད་པ་	VERB
རྣམས་	རྣམས་	DET
༔		PUNCT
གདུང་རྒྱུད་	གདུང་རྒྱུད་	OTHER
མ་	མ་	PART
བསྣོར་	བསྣོར་	NO_POS
ཡབ་མེས་	ཡབ་མེས་	NOUN
ལུགས་སྲོལ་	ལུགས་སྲོལ་	NOUN
ཟུངས་	ཟུངས་	VERB
༔		PUNCT
ཡ་རབས་	ཡ་རབས་	NOUN
གཟེངས་བསྟོད་	གཟེངས་བསྟོད་	OTHER
མ་རབས་	མ་རབས་	NOUN
གཉའ་	གཉའ་	NOUN
ན་	ནས་	PART
ནོན་	ནོན་	VERB
༔		PUNCT
ངན་པ་	ངན་པ་	VERB
ཚ་	ཚ་	VERB
ཆོད་	ཆོད་	VERB
ཕུང་	ཕུང་	VERB
བྱེད་	བྱེད་	VERB
མེད་པ་	མེད་པ་	VERB
ར་	ལ་	PART
གྱིས་	གིས་	PART
༔		PUNCT
རྒྱལ་ཁྲིམས་	རྒྱལ་ཁྲིམས་	OTHER
གསེར་	གསེར་	NOUN
གྱི་	གི་	PART
གཉའ་ཤིང་	གཉའ་ཤིང་	NOUN
ལྗིད་	ལྗིད་	NO_POS
ལ་	ལ་	PART
དྲང་	དྲང་	VERB
༔		PUNCT
ཆོས་ཁྲིམས་	ཆོས་ཁྲིམས་	NOUN
ད་	ད་	NOUN
གྱི་	གི་	PART
མདུད་	མདུད་	NO_POS
བསྡམ་	བསྡམ་	NO_POS
ཁོང་	ཁོང་	PRON
སློད་	སློད་	NO_POS
ལ་	ལ་	PART
༔		PUNCT
རྒས་པ་	རྒས་པ་	VERB
ར་	ལ་	PART
བཀུར་	བཀུར་	VERB
བསྟི་	བསྟི་	NO_POS
དྲིན་	དྲིན་	NOUN
ལ་	ལ་	PART
ལན་	ལན་	NOUN
བཟང་	བཟང་	VERB
གསོས་	གསོས་	VERB
༔		PUNCT
མཛའ་	མཛའ་	VERB
ལ་	ལ་	PART
གཞུང་བཟང་	གཞུང་བཟང་	NO_POS
ཉེ་	ཉེ་	VERB
ལ་	ལ་	PART
ཕྱི་ཐག་	ཕྱི་ཐག་	NOUN
སྲིངས་	སྲིངས་	NO_POS
༔		PUNCT
ཁྱད་པར་	ཁྱད་པར་	NOUN
དགེ་བ་	དགེ་བ་	VERB
བཅུ་	བཅུ་	NUM
ཡི་	གི་	PART
ཁྲིམས་	ཁྲིམས་	NOUN
བཅས་པ་	བཅས་པ་	VERB
ས་	གིས་	PART
༔		PUNCT
སྐྱེ་དགུ་	སྐྱེ་དགུ་	NO_POS
འདི་	འདི་	DET
ར་	ལ་	PART
བདེ་	བདེ་	VERB
ཕྱི་མ་	ཕྱི་མ་	ADJ
ར་	ལ་	PART
ཐར་པ་	ཐར་པ་	VERB
ཐོབ་	ཐོབ་	VERB
༔		PUNCT
ལོངས་སྤྱོད་	ལོངས་སྤྱོད་	NOUN
སྤེལ་	སྤེལ་	VERB
ཞིང་	ཅིང་	PART
གསོག་པ་	གསོག་པ་	VERB
ཆོ་	ཆོ་	NOUN
ལ་	ལ་	PART
གཏང་	གཏང་	NO_POS
༔		PUNCT
བྱ་བ་	བྱ་བ་	VERB
བྱ་	བྱ་	VERB
དང་	དང་	NO_POS
ནོར་	ནོར་	NOUN
ཡོད་	ཡོད་	VERB
དོན་ལྡན་	དོན་ལྡན་	ADJ
འགྱུར་	འགྱུར་	VERB
༔		PUNCT
རབ་བྱུང་	རབ་བྱུང་	NOUN
སྔགས་པ་	སྔགས་པ་	NOUN
འི་	གི་	PART
སྡེ་གཉིས་	སྡེ་གཉིས་	NO_POS
དབུ་འཕང་	དབུ་འཕང་	NOUN
བསྟོད་	བསྟོད་	VERB
༔		PUNCT
འགྲོ་བ་	འགྲོ་བ་	VERB
འི་	གི་	PART
བདེ་སྐྱིད་	བདེ་སྐྱིད་	NOUN
རྒྱལ་བ་	རྒྱལ་བ་	NOUN
འི་	གི་	PART
བསྟན་	བསྟན་	VERB
ལ་	ལ་	PART
རག་	རག་	VERB
༔		PUNCT
ཐུགས་	ཐུགས་	NOUN
སྒམ་	སྒམ་	NO_POS
བཀའ་	བཀའ་	NOUN
བཙན་	བཙན་	VERB
རྒྱལ་པོ་	རྒྱལ་པོ་	NOUN
འི་	གི་	PART
ལུགས་སྲོལ་	ལུགས་སྲོལ་	NOUN
ཡིན་	ཡིན་	NO_POS
༔		PUNCT
མང་པོ་	མང་པོ་	ADJ
ར་	ལ་	PART
མི་སྨྲ་	མི་སྨྲ་	NO_POS
གཅིག་	གཅིག་	NUM
གིས་	གིས་	PART
དོན་	དོན་	NOUN
ཆེན་	ཆེན་	NO_POS
མཛོད་	མཛོད་	NOUN
༔		PUNCT
གཡེམ་	གཡེམ་	NO_POS
ལ་མ་	ལ་མ་	NO_POS
དགའ་	དགའ་	VERB
འཛངས་	འཛངས་	NO_POS
ལ་	ལ་	PART
སྲིད་	སྲིད་	NOUN
སྤེལ་བ་	སྤེལ་བ་	VERB
༔		PUNCT
རྒྱལ་པོ་	རྒྱལ་པོ་	NOUN
འི་	གི་	PART
སྲི་ཞུ་	སྲི་ཞུ་	NOUN
བཙུན་མོ་	བཙུན་མོ་	NOUN
འི་	གི་	PART
ཆོས་ལུགས་	ཆོས་ལུགས་	NOUN
ཡིན་	ཡིན་	NO_POS
༔		PUNCT
རྒྱལ་པོ་	རྒྱལ་པོ་	NOUN
འི་	གི་	PART
བཀའ་	བཀའ་	NOUN
ཁུ་	ཁུ་	NOUN
འབངས་	འབངས་	NOUN
རྣམས་	རྣམས་	DET
བྱམས་པ་	བྱམས་པ་	PROPN
ས་	གིས་	PART
སྐྱོང་	སྐྱོང་	VERB
༔		PUNCT
ཕྱོགས་རིས་	ཕྱོགས་རིས་	NOUN
མེད་པ་	མེད་པ་	VERB
བློན་པོ་	བློན་པོ་	NOUN
མཁས་པ་	མཁས་པ་	VERB
ཡིན་	ཡིན་	NO_POS
༔		PUNCT
ཆོ་	ཆོ་	NOUN
ལ་	ལ་	PART
དད་	དད་	VERB
ཅིང་	ཅིང་	PART
ཡ་རབས་	ཡ་རབས་	NOUN
རྒྱལ་པོ་	རྒྱལ་པོ་	NOUN
ར་	ལ་	PART
བསྐུར་	བསྐུར་	NO_POS
༔		PUNCT
གང་	གང་	NO_POS
དུ་	ལ་	PART
གུས་འདུད་	གུས་འདུད་	NO_POS
མཁས་པ་	མཁས་པ་	VERB
ལྷ་འབངས་	ལྷ་འབངས་	NO_POS
ཡིན་	ཡིན་	NO_POS
༔		PUNCT
དེ་ལྟ་	དེ་ལྟ་	NO_POS
རྒྱལ་པོ་	རྒྱལ་པོ་	NOUN
གསེར་	གསེར་	NOUN
གྱི་	གི་	PART
རི་བོ་	རི་བོ་	NOUN
བརྗིད་	བརྗིད་	NO_POS
༔		PUNCT
སྲ་	སྲ་	NOUN
ཡུམ་	ཡུམ་	NOUN
བློན་	བློན་	NO_POS
འབངས་	འབངས་	NOUN
རིན་ཆེན་	རིན་ཆེན་	OTHER
རི་	རི་	NOUN
བྲན་	བྲན་	NOUN
བཞིན་	བཞིན་	NOUN
༔		PUNCT
བཀོད་	བཀོད་	VERB
ལེགས་	ལེགས་	VERB
གཡོ་མེད་	གཡོ་མེད་	ADJ
མཐའ་གྲུ་	མཐའ་གྲུ་	NO_POS
ཐབས་	ཐབས་	NOUN
ཀྱིས་	གིས་	PART
ནོན་	ནོན་	VERB
༔		PUNCT
དེ་ལྟ་	དེ་ལྟ་	NO_POS
ཚུལ་བཞིན་	ཚུལ་བཞིན་	NOUN
བགྱི་	བགྱི་	VERB
ན་	ལ་	PART
བོད་	བོད་	PROPN
ཁམས་	ཁམས་	NOUN
བདེ་	བདེ་	VERB
༔		PUNCT
དེ་	སྟེ་	PART
ནི་	ནི་	NO_POS
ཕྱི་	ཕྱི་	NOUN
ཡི་	གི་	PART
བཀའ་	བཀའ་	NOUN
ཆེམས་	ཆེམས་	NO_POS
བཞག་པ་	བཞག་པ་	VERB
འོ་	གོ་	PART
༔		PUNCT
ས་	ས་	ADP
མ་	མ་	PART
ཡ་	ཡ་	NOUN
༔		PUNCT
བོད་	བོད་	PROPN
ལ་	ལ་	PART
བཀའ་དྲིན་	བཀའ་དྲིན་	NOUN
ཆེ་བ་	ཆེ་བ་	VERB
བདག་	བདག་	PRON
ཡིན་པ་	ཡིན་པ་	AUX
ས་	གིས་	PART
༔		PUNCT
བྱས་པ་	བྱས་པ་	VERB
དྲིན་	དྲིན་	NOUN
གཟོ་	གཟོ་	NO_POS
མཆོད་	མཆོད་	VERB
ན་	ལ་	PART
རྟེན་འབྲེལ་	རྟེན་འབྲེལ་	NOUN
ལེགས་	ལེགས་	VERB
༔		PUNCT
བང་སོ་	བང་སོ་	OTHER
མཆོད་པ་	མཆོད་པ་	VERB
ཡབ་མེས་	ཡབ་མེས་	NOUN
བོན་	བོན་	NO_POS
གྱི་	གི་	PART
ལུགས་	ལུགས་	NOUN
༔		PUNCT
ཕྱག་སྲོལ་	ཕྱག་སྲོལ་	OTHER
མ་	མ་	PART
ནུབ་	ནུབ་	ADV
དཀོར་		NON_WORD
ཆ་	ཆ་	NOUN
རིམ་པ་	རིམ་པ་	NOUN
ར་	ལ་	PART
སྐྱོལ་	སྐྱོལ་	VERB
༔		PUNCT
ད་ལྟ་	ད་ལྟ་	OTHER
སོ་སོ་	སོ་སོ་	PRON
འི་	གི་	PART
སྐྱེ་བོ་	སྐྱེ་བོ་	NOUN
འི་	གི་	PART
ཚུལ་	ཚུལ་	NOUN
འཛིན་	འཛིན་	VERB
ཀྱང་	ཀྱང་	PART
༔		PUNCT
ཕྱི་	ཕྱི་	NOUN
ལྟ་	ལྟ་	OTHER
མངའ་འབངས་	མངའ་འབངས་	NOUN
སྤེལ་	སྤེལ་	VERB
ཞིང་	ཅིང་	PART
བསྟན་པ་	བསྟན་པ་	VERB
མཆོད་	མཆོད་	VERB
༔		PUNCT
ནང་ལྟར་	ནང་ལྟར་	NO_POS
མདོ་སྔགས་	མདོ་སྔགས་	NOUN
གཉིས་	གཉིས་	NUM
ལ་	ལ་	PART
མཁས་པ་	མཁས་པ་	VERB
ར་	ལ་	PART
སྦྱང་	སྦྱང་	VERB
༔		PUNCT
གསང་བ་	གསང་བ་	VERB
བསྐྱེད་རྫོགས་	བསྐྱེད་རྫོགས་	NOUN
གཉིས་	གཉིས་	NUM
ལ་	ལ་	PART
དྲོད་	དྲོད་	NOUN
ཐོབ་པ་	ཐོབ་པ་	VERB
ས་	གིས་	PART
༔		PUNCT
ཕྱི་རབས་	ཕྱི་རབས་	OTHER
རྒྱལ་པོ་	རྒྱལ་པོ་	NOUN
ས་	གིས་	PART
ཉམས་ལེན་	ཉམས་ལེན་	NOUN
དེ་ལྟ་	དེ་ལྟ་	NO_POS
གྱིས་	གིས་	PART
༔		PUNCT
རྟེན་འབྲེལ་	རྟེན་འབྲེལ་	NOUN
ཆེ་བ་	ཆེ་བ་	VERB
ས་	གིས་	PART
སྐུ་གཟུགས་	སྐུ་གཟུགས་	NOUN
ལེགས་པ་	ལེགས་པ་	VERB
ར་	ལ་	PART
བཞེངས་	བཞེངས་	NO_POS
༔		PUNCT
བཀའ་	བཀའ་	NOUN
ཆེམས་	ཆེམས་	NO_POS
བསྒྲག་	བསྒྲག་	VERB
ཅིང་	ཅིང་	PART
དེ་དོན་	དེ་དོན་	PRON
ཚུལ་བཞིན་	ཚུལ་བཞིན་	NOUN
སྤྱོད་	སྤྱོད་	VERB
༔		PUNCT
མཚན་	མཚན་	NOUN
ན་	ནས་	PART
འབོད་	འབོད་	VERB
ཅིང་	ཅིང་	PART
གསོལ་བ་	གསོལ་བ་	VERB
ཡང་ཡང་	ཡང་ཡང་	NO_POS
ཐོབས་		NON_WORD
༔		PUNCT
ང་ཉིད་	ང་ཉིད་	NO_POS
སྤྱི་བོ་	སྤྱི་བོ་	NOUN
ར་	ལ་	PART
བསྒོམས་པ་	བསྒོམས་པ་	VERB
ས་	གིས་	PART
བྱིན་རླབས་	བྱིན་རླབས་	NOUN
འཇུག་	འཇུག་	VERB
༔		PUNCT
སྙིང་ག་	སྙིང་ག་	NOUN
ར་	ལ་	PART
བསྒོམས་པ་	བསྒོམས་པ་	VERB
ས་	གིས་	PART
ལུགས་	ལུགས་	NOUN
གཉིས་	གཉིས་	NUM
བློ་གྲོས་	བློ་གྲོས་	NOUN
རྒྱ་	རྒྱ་	VERB
༔		PUNCT
རང་	རང་	PRON
གསལ་བཏབ་པ་	གསལ་བཏབ་པ་	NO_POS
ས་	གིས་	PART
སྲིད་ཞི་	སྲིད་ཞི་	NOUN
འི་	གི་	PART
དཔལ་	དཔལ་	OTHER
རྣམས་	རྣམས་	DET
འདུ་	འདུ་	VERB
༔		PUNCT
དེ་	སྟེ་	PART
ནི་	ནི་	NO_POS
ཟབ་མོ་	ཟབ་མོ་	ADJ
ནང་	ནང་	NOUN
གི་	གི་	PART
ཞལ་གདམས་	ཞལ་གདམས་	NOUN
ཡིན་	ཡིན་	NO_POS
༔		PUNCT
ས་	ས་	ADP
མ་	མ་	PART
ཡ་	ཡ་	NOUN
༔		PUNCT
འཇམ་དཔལ་	འཇམ་དཔལ་	PROPN
ངོ་བོ་	ངོ་བོ་	NOUN
ཆོས་རྒྱལ་	ཆོས་རྒྱལ་	NOUN
ང་ཉིད་	ང་ཉིད་	NO_POS
དང་	དང་	NO_POS
༔		PUNCT
དབྱངས་ཅན་	དབྱངས་ཅན་	PROPN
སྤྲུལ་པ་	སྤྲུལ་པ་	VERB
ཡེ་ཤེས་	ཡེ་ཤེས་	NOUN
མཚོ་	མཚོ་	NOUN
རྒྱལ་	རྒྱལ་	VERB
གཉིས་	གཉིས་	NUM
༔		PUNCT
ཡབ་ཡུམ་	ཡབ་ཡུམ་	NOUN
འཁྲིལ་	འཁྲིལ་	NO_POS
སྦྱོར་	སྦྱོར་	VERB
བསྒོམས་པ་	བསྒོམས་པ་	VERB
འི་	གི་	PART
ཐུགས་ཀ་	ཐུགས་ཀ་	NOUN
རུ་	ལ་	PART
༔		PUNCT
འཇམ་དཔལ་	འཇམ་དཔལ་	PROPN
ཡབ་ཡུམ་	ཡབ་ཡུམ་	NOUN
བསྒོམས་པ་	བསྒོམས་པ་	VERB
འི་	གི་	PART
སྤྱི་གཙུག་	སྤྱི་གཙུག་	NOUN
ཏུ་	ལ་	PART
༔		PUNCT
གུ་རུ་	གུ་རུ་	PROPN
པདྨ་	པདྨ་	NOUN
ལྷ་ལྕམ་	ལྷ་ལྕམ་	NO_POS
ཡབ་ཡུམ་	ཡབ་ཡུམ་	NOUN
སྒོམས་	སྒོམས་	VERB
༔		PUNCT
ཟུང་འཇུག་	ཟུང་འཇུག་	NOUN
བདེ་བ་	བདེ་བ་	VERB
འི་	གི་	PART
སྒྲ་	སྒྲ་	NOUN
དང་	དང་	NO_POS
འོད་ཟེར་	འོད་ཟེར་	NOUN
གྱིས་	གིས་	PART
༔		PUNCT
སྒྲིབ་པ་	སྒྲིབ་པ་	VERB
ཀུན་	ཀུན་	DET
སྦྱངས་	སྦྱངས་	VERB
འཕགས་	འཕགས་	VERB
མཆོད་	མཆོད་	VERB
བྱིན་རླབས་	བྱིན་རླབས་	NOUN
བསྡུ་	བསྡུ་	VERB
༔		PUNCT
འགྲོ་བ་	འགྲོ་བ་	VERB
འི་	གི་	PART
སྒྲིབ་	སྒྲིབ་	NOUN
སྦྱངས་	སྦྱངས་	VERB
དག་པ་	དག་པ་	VERB
འི་	གི་	PART
འཁོར་ལོ་	འཁོར་ལོ་	NOUN
ར་	ལ་	PART
སྒོམས་	སྒོམས་	VERB
༔		PUNCT
བདེ་ཆེན་	བདེ་ཆེན་	NOUN
འབའ་	འབའ་	VERB
ཞིང་	ཅིང་	PART
ཤེས་རབ་	ཤེས་རབ་	NOUN
རྩོལ་	རྩོལ་	NO_POS
མེད་	མེད་	VERB
འཆར་	འཆར་	NO_POS
༔		PUNCT
ཁྱད་པར་	ཁྱད་པར་	NOUN
ལྷ་	ལྷ་	NOUN
སྣང་	སྣང་	VERB
འོད་གསལ་	འོད་གསལ་	NOUN
དབྱིངས་	དབྱིངས་	NOUN
སུ་	ལ་	PART
ཐིམ་	ཐིམ་	NO_POS
༔		PUNCT
མ་	མ་	PART
བཅོ་	བཅོ་	NUM
ས་	གིས་	PART
གཉུག་	གཉུག་	NO_POS
མ་	མ་	PART
འི་	གི་	PART
ངང་	ངང་	NOUN
ལ་	ལ་	PART
བཞག་པ་	བཞག་པ་	VERB
འི་	གི་	PART
ཚེ་	ཚེ་	NOUN
༔		PUNCT
ཡིད་བྱེད་	ཡིད་བྱེད་	NO_POS
བྲལ་བ་	བྲལ་བ་	VERB
སྟོང་གསལ་	སྟོང་གསལ་	NO_POS
ཟབ་མོ་	ཟབ་མོ་	ADJ
འི་	གི་	PART
དོན་	དོན་	NOUN
༔		PUNCT
མངོན་དུ་	མངོན་དུ་	NO_POS
གྱུར་པ་	གྱུར་པ་	VERB
ས་	གིས་	PART
འཇམ་དཔལ་	འཇམ་དཔལ་	PROPN
རྡོ་རྗེ་	རྡོ་རྗེ་	NOUN
འགྲུབ་	འགྲུབ་	VERB
༔		PUNCT
དེ་	སྟེ་	PART
ནི་	ནི་	NO_POS
གསང་བ་	གསང་བ་	VERB
འི་	གི་	PART
སྙིང་ཐིག་	སྙིང་ཐིག་	NOUN
ཟབ་མོ་	ཟབ་མོ་	ADJ
འོ་	གོ་	PART
༔		PUNCT
ས་	ས་	ADP
མ་	མ་	PART
ཡ་	ཡ་	NOUN
རྒྱ་	རྒྱ་	NOUN
རྒྱ་	རྒྱ་	NOUN
༔		PUNCT
ཁ་	ཁ་	PRON
ཐཾ་		NON_WORD
༔		PUNCT
གུ་	གུ་	OTHER
ཧྱ་		NON_WORD
༔		PUNCT
དཔལ་	དཔལ་	OTHER
གྱི་	གི་	PART
བསམ་ཡས་	བསམ་ཡས་	PROPN
གཙུག་ལག་ཁང་	གཙུག་ལག་ཁང་	NOUN
གི་	གི་	PART
མདུན་	མདུན་	NOUN
དུ་	ལ་	PART
ཆོ་	ཆོ་	NOUN
ཀྱི་	གི་	PART
ཁྲི་ཆེན་པོ་	ཁྲི་ཆེན་པོ་	PROPN
བརྩིགས་པ་	བརྩིགས་པ་	VERB
འི་	གི་	PART
ཁ་	ཁ་	PRON
ར་	ལ་	PART
མཁན་པོ་བོ་	མཁན་པོ་བོ་	NOUN
དྷི་		NON_WORD
སཏྭ་		NON_WORD
བཞུགས་	བཞུགས་	VERB
ཤིང་	ཅིང་	PART
གཎྜིའི་		NON_WORD
སྒྲ་	སྒྲ་	NOUN
ས་	གིས་	PART
བསྐུལ་	བསྐུལ་	VERB
ཏེ་	སྟེ་	PART
དགེ་སློང་	དགེ་སློང་	NOUN
དང་	དང་	NO_POS
དགེ་ཚུལ་	དགེ་ཚུལ་	VERB
གྱི་	གི་	PART
ཚོགས་འདུ་	ཚོགས་འདུ་	OTHER
ས་པ་	ས་པ་	PART
རྣམས་	རྣམས་	DET
ལ་	ལ་	PART
ཞལ་ཆེམས་	ཞལ་ཆེམས་	NOUN
འདི་	འདི་	DET
གསུངས་	གསུངས་	VERB
སོ་	གོ་	PART
༔		PUNCT
ཀྱེ་	ཀྱེ་	INTJ
༔		PUNCT
ཚེ་	ཚེ་	NOUN
དང་	དང་	NO_POS
ལྡན་པ་	ལྡན་པ་	VERB
ཀུན་	ཀུན་	DET
ཉོན་	ཉོན་	VERB
ཅིག་	ཅིག་	PART
༔		PUNCT
སྟོན་པ་	སྟོན་པ་	NOUN
འི་	གི་	PART
སོ་སོ་	སོ་སོ་	PRON
ཐ་	ཐ་	VERB
འདི་	འདི་	DET
ནི་	ནི་	NO_POS
༔		PUNCT
འགྲོ་བ་	འགྲོ་བ་	VERB
རྣམས་	རྣམས་	DET
ཀྱི་	གི་	PART
མགོན་	མགོན་	NOUN
དང་	དང་	NO_POS
སྐྱབས་	སྐྱབས་	NOUN
༔		PUNCT
སྟོན་པ་	སྟོན་པ་	NOUN
འི་	གི་	PART
འདུལ་བ་	འདུལ་བ་	VERB
འཛིན་པ་	འཛིན་པ་	VERB
རྣམས་	རྣམས་	DET
༔		PUNCT
འགྲོ་བ་	འགྲོ་བ་	VERB
རྣམས་	རྣམས་	DET
ཀྱི་	གི་	PART
མཆོད་པ་	མཆོད་པ་	VERB
འི་	གི་	PART
གནས་	གནས་	NOUN
༔		PUNCT
ཚེ་	ཚེ་	NOUN
དང་	དང་	NO_POS
ལྡན་པ་	ལྡན་པ་	VERB
ཉམས་	ཉམས་	NOUN
གྱུར་	གྱུར་	VERB
ན་	ལ་	PART
༔		PUNCT
སྟོན་པ་	སྟོན་པ་	NOUN
འི་	གི་	PART
བསྟན་པ་	བསྟན་པ་	VERB
འཇིག་པ་	འཇིག་པ་	VERB
ར་	ལ་	PART
འགྱུར་	འགྱུར་	VERB
༔		PUNCT
འགྲོ་བ་	འགྲོ་བ་	VERB
རྣམས་	རྣམས་	DET
ནི་	ནི་	NO_POS
བསླུ་བ་	བསླུ་བ་	VERB
ར་	ལ་	PART
འགྱུར་	འགྱུར་	VERB
༔		PUNCT
ཉམས་པ་	ཉམས་པ་	VERB
དེ་དག་	དེ་དག་	OTHER
ངན་འགྲོ་	ངན་འགྲོ་	NOUN
ར་	ལ་	PART
འགྲོ་	འགྲོ་	VERB
༔		PUNCT
འཁོར་ལོ་	འཁོར་ལོ་	NOUN
འི་	གི་	PART
མདོ་	མདོ་	NOUN
ལ་	ལ་	ADP
ས་	གིས་	PART
བསྟན་པ་	བསྟན་པ་	VERB
ལྟ་	ལྟ་	OTHER
༔		PUNCT
བདུད་	བདུད་	NOUN
ཀྱི་	གི་	PART
ལ་	ལ་	ADP
ས་	གིས་	PART
ནི་	ནི་	NO_POS
འདི་	འདི་	DET
ར་	ལ་	PART
འབྱུང་བ་	འབྱུང་བ་	VERB
ས་	གིས་	PART
༔		PUNCT
དེ་	སྟེ་	PART
ནི་	ནི་	NO_POS
ཀུན་	ཀུན་	DET
གྱིས་	གིས་	PART
སྤང་བྱ་	སྤང་བྱ་	NOUN
སྟེ་	སྟེ་	PART
༔		PUNCT
རྒྱལ་སྲིད་	རྒྱལ་སྲིད་	NOUN
དག་	དག་	DET
ལ་	ལ་	PART
དགའ་བ་	དགའ་བ་	VERB
མེད་	མེད་	VERB
༔		PUNCT
དགེ་སློང་	དགེ་སློང་	NOUN
རྒྱལ་པོ་	རྒྱལ་པོ་	NOUN
བྱེད་	བྱེད་	VERB
གྱུར་	གྱུར་	VERB
ན་	ལ་	PART
༔		PUNCT
དེ་	སྟེ་	PART
ནི་	ནི་	NO_POS
བདུད་	བདུད་	NOUN
ཀྱི་	གི་	PART
ལ་	ལ་	ADP
ས་	གིས་	PART
ཡིན་པ་	ཡིན་པ་	AUX
ས་	གིས་	PART
༔		PUNCT
རྒྱལ་བ་	རྒྱལ་བ་	NOUN
འི་	གི་	PART
བསྟན་པ་	བསྟན་པ་	VERB
འཇིག་པ་	འཇིག་པ་	VERB
འི་	གི་	PART
རྐྱེན་	རྐྱེན་	NOUN
༔		PUNCT
ལོངས་སྤྱོད་	ལོངས་སྤྱོད་	NOUN
རྣམས་	རྣམས་	DET
ལ་	ལ་	PART
རུང་བ་	རུང་བ་	VERB
མེད་	མེད་	VERB
༔		PUNCT
ཞལ་ལྕེ་	ཞལ་ལྕེ་	OTHER
བྱེད་	བྱེད་	VERB
རྣམས་	རྣམས་	DET
ཕུང་བ་	ཕུང་བ་	NO_POS
ར་	ལ་	PART
འགྱུར་	འགྱུར་	VERB
༔		PUNCT
འདུན་	འདུན་	VERB
ན་	ལ་	PART
འདོན་པ་	འདོན་པ་	VERB
བྱེད་	བྱེད་	VERB
གྱུར་	གྱུར་	VERB
ན་	ལ་	PART
༔		PUNCT
དགེ་སློང་	དགེ་སློང་	NOUN
ཕམ་	ཕམ་	NO_POS
ཞིང་	ཅིང་	PART
རྒྱལ་ཁྲིམས་	རྒྱལ་ཁྲིམས་	OTHER
ཉམས་	ཉམས་	NOUN
༔		PUNCT
སྟོན་པ་	སྟོན་པ་	NOUN
འི་	གི་	PART
བསྟན་	བསྟན་	VERB
ལ་	ལ་	PART
རྨ་འབྱིན་པ་	རྨ་འབྱིན་པ་	NO_POS
འི་	གི་	PART
༔		PUNCT
བདུད་	བདུད་	NOUN
ཀྱི་	གི་	PART
ལ་	ལ་	ADP
ས་	གིས་	PART
ཏེ་	སྟེ་	PART
སྤང་བ་	སྤང་བ་	VERB
ར་	ལ་	PART
རིགས་	རིགས་	NOUN
༔		PUNCT
བུད་མེད་	བུད་མེད་	NOUN
དག་	དག་	DET
ལ་	ལ་	PART
རུང་བ་	རུང་བ་	VERB
མེད་	མེད་	VERB
༔		PUNCT
དགེ་སློང་	དགེ་སློང་	NOUN
ཁྱིམ་	ཁྱིམ་	NOUN
ལ་	ལ་	PART
གནས་	གནས་	NOUN
གྱུར་	གྱུར་	VERB
ན་	ལ་	PART
༔		PUNCT
ཁྱིམ་པ་	ཁྱིམ་པ་	NOUN
ཐམས་ཅད་	ཐམས་ཅད་	DET
སུན་	སུན་	NO_POS
འབྱིན་	འབྱིན་	VERB
ཅིང་	ཅིང་	PART
༔		PUNCT
དགེ་སློང་	དགེ་སློང་	NOUN
དེ་	སྟེ་	PART
ནི་	ནི་	NO_POS
ཉེས་པ་	ཉེས་པ་	VERB
ར་	ལ་	PART
སྤྱོད་	སྤྱོད་	VERB
༔		PUNCT
བདུད་	བདུད་	NOUN
ཀྱི་	གི་	PART
ལ་	ལ་	ADP
ས་	གིས་	PART
ཏེ་	སྟེ་	PART
སྤང་བ་	སྤང་བ་	VERB
ར་	ལ་	PART
རིགས་	རིགས་	NOUN
༔		PUNCT
སོ་སོ་	སོ་སོ་	PRON
ཐར་པ་	ཐར་པ་	VERB
འི་	གི་	PART
མདོ་	མདོ་	NOUN
འདི་	འདི་	DET
ནི་	ནི་	NO_POS
༔		PUNCT
སྟོན་པ་	སྟོན་པ་	NOUN
མྱ་ངན་	མྱ་ངན་	NOUN
འདའ་	འདའ་	VERB
འོག་	འོག་	NOUN
ཏུ་	ལ་	PART
༔		PUNCT
དགེ་འདུན་	དགེ་འདུན་	NOUN
རྣམས་	རྣམས་	DET
ཀྱི་	གི་	PART
སྟོན་པ་	སྟོན་པ་	NOUN
ར་	ལ་	PART
གསུངས་	གསུངས་	VERB
༔		PUNCT
འདི་	འདི་	DET
ལ་	ལ་	PART
ཤིན་ཏུ་	ཤིན་ཏུ་	NO_POS
གུས་པ་	གུས་པ་	VERB
ར་	ལ་	PART
གྱིས་	གིས་	PART
༔		PUNCT
བྱ་བ་	བྱ་བ་	VERB
ཉུང་	ཉུང་	VERB
ལ་དོན་	ལ་དོན་	OTHER
ཉུང་བ་	ཉུང་བ་	VERB
ས་	གིས་	PART
༔		PUNCT
སྟོན་པ་	སྟོན་པ་	NOUN
འི་	གི་	PART
དམ་ཆོས་	དམ་ཆོས་	NOUN
སྐྱོང་བ་	སྐྱོང་བ་	VERB
ར་	ལ་	PART
གྱིས་	གིས་	PART
༔		PUNCT
དེ་	སྟེ་	PART
ནི་	ནི་	NO_POS
ཕྱི་	ཕྱི་	NOUN
ཡི་	གི་	PART
ཞལ་ཆེམས་	ཞལ་ཆེམས་	NOUN
སོ་	གོ་	PART
༔		PUNCT
ཀྱེ་	ཀྱེ་	INTJ
༔		PUNCT
ཚེ་	ཚེ་	NOUN
དང་	དང་	NO_POS
ལྡན་པ་	ལྡན་པ་	VERB
ཀུན་	ཀུན་	DET
ཉོན་	ཉོན་	VERB
ཅིག་	ཅིག་	PART
༔		PUNCT
མ་འོངས་	མ་འོངས་	NOUN
དུས་	དུས་	NOUN
སུ་	ལ་	PART
དགེ་སྦྱོང་	དགེ་སྦྱོང་	NOUN
རྣམས་	རྣམས་	DET
༔		PUNCT
དགེ་སྦྱོང་	དགེ་སྦྱོང་	NOUN
ཆོ་	ཆོ་	NOUN
བཞི་	བཞི་	NUM
མི་	མི་	PART
ལྡན་པ་	ལྡན་པ་	VERB
ས་	གིས་	PART
༔		PUNCT
ཁྲོ་བ་	ཁྲོ་བ་	VERB
རྣམས་	རྣམས་	DET
ལ་	ལ་	PART
སླ་	སླ་	ADV
ཁྲོ་བ་	ཁྲོ་བ་	VERB
ས་	གིས་	PART
༔		PUNCT
དགེ་སློང་	དགེ་སློང་	NOUN
ཕམ་པ་	ཕམ་པ་	VERB
འི་	གི་	PART
རྒྱུ་	རྒྱུ་	NOUN
རུ་	ལ་	PART
བྱེད་	བྱེད་	VERB
༔		PUNCT
གཤེ་བ་	གཤེ་བ་	VERB
རྣམས་	རྣམས་	DET
ལ་	ལ་	PART
སླ་	སླ་	ADV
གཤེ་བ་	གཤེ་བ་	VERB
ས་	གིས་	PART
༔		PUNCT
རྒྱལ་བ་	རྒྱལ་བ་	NOUN
འི་	གི་	PART
བསྟན་པ་	བསྟན་པ་	VERB
རི་	རི་	NOUN
སུ་	ལ་	PART
ཆད་	ཆད་	VERB
༔		PUNCT
རྡེག་པ་	རྡེག་པ་	NO_POS
རྣམས་	རྣམས་	DET
ལ་	ལ་	PART
སླ་	སླ་	ADV
རྡེག་པ་	རྡེག་པ་	NO_POS
ས་	གིས་	PART
༔		PUNCT
དགེ་སློང་	དགེ་སློང་	NOUN
གཡུལ་	གཡུལ་	NOUN
དུ་	ལ་	PART
ཆ་	ཆ་	NOUN
ས་	གིས་	PART
ན་	ནས་	PART
སུ་	ལ་	PART
༔		PUNCT
སྟོན་པ་	སྟོན་པ་	NOUN
འི་	གི་	PART
བསྟན་པ་	བསྟན་པ་	VERB
མྱུར་	མྱུར་	VERB
དུ་	ལ་	PART
བཤིག་	བཤིག་	VERB
༔		PUNCT
དེ་	སྟེ་	PART
ནི་	ནི་	NO_POS
བདུད་	བདུད་	NOUN
ཀྱི་	གི་	PART
དགེ་སྦྱོང་	དགེ་སྦྱོང་	NOUN
ཡིན་	ཡིན་	NO_POS
༔		PUNCT
བདུད་	བདུད་	NOUN
ལ་	ལ་	ADP
ས་	གིས་	PART
རང་	རང་	PRON
གིས་	གིས་	PART
མི་	མི་	PART
ཤེས་པ་	ཤེས་པ་	VERB
ས་	གིས་	PART
༔		PUNCT
ཞལ་ཆེམས་	ཞལ་ཆེམས་	NOUN
སྒྲོགས་	སྒྲོགས་	VERB
ཤིང་	ཅིང་	PART
བག་	བག་	NOUN
ཡོད་	ཡོད་	VERB
ཀྱིས་	གིས་	PART
༔		PUNCT
བཟོད་པ་	བཟོད་པ་	VERB
དམ་པ་	དམ་པ་	VERB
བརྟེན་པ་	བརྟེན་པ་	VERB
དང་	དང་	NO_POS
༔		PUNCT
དཀའ་ཐུབ་	དཀའ་ཐུབ་	NOUN
སྤོང་བ་	སྤོང་བ་	VERB
འི་	གི་	PART
བརྟུལ་ཞུགས་	བརྟུལ་ཞུགས་	NOUN
ཀྱིས་	གིས་	PART
༔		PUNCT
རྟག་	རྟག་	VERB
ཏུ་	ལ་	PART
དགོན་	དགོན་	OTHER
དུ་	ལ་	PART
གནས་པ་	གནས་པ་	VERB
ར་	ལ་	PART
གྱིས་	གིས་	PART
༔		PUNCT
མ་འོངས་	མ་འོངས་	NOUN
ཚེ་	ཚེ་	NOUN
དང་	དང་	NO_POS
ལྡན་པ་	ལྡན་པ་	VERB
ལ་	ལ་	PART
༔		PUNCT
བར་ཆད་	བར་ཆད་	NOUN
ཁོང་ཁྲོ་	ཁོང་ཁྲོ་	NOUN
འདི་	འདི་	DET
འབྱུང་བ་	འབྱུང་བ་	VERB
ས་	གིས་	PART
༔		PUNCT
སྤྱོད་ལམ་	སྤྱོད་ལམ་	NOUN
ཞི་	ཞི་	VERB
ཞིང་	ཅིང་	PART
དུལ་བ་	དུལ་བ་	VERB
ར་	ལ་	PART
གྱིས་	གིས་	PART
༔		PUNCT
སྟོན་པ་	སྟོན་པ་	NOUN
འི་	གི་	PART
བསྟན་པ་	བསྟན་པ་	VERB
རིན་ཆེན་	རིན་ཆེན་	OTHER
འདི་	འདི་	DET
༔		PUNCT
གངས་ཅན་	གངས་ཅན་	ADJ
ལྗོང་		NON_WORD
དུ་	ལ་	PART
ང་	ང་	OTHER
གསལ་བ་	གསལ་བ་	VERB
ས་	གིས་	PART
༔		PUNCT
བདག་	བདག་	PRON
གི་	གི་	PART
རྗེས་སུ་	རྗེས་སུ་	OTHER
ཞུགས་	ཞུགས་	VERB
ན་	ནས་	PART
ཀྱང་	ཀྱང་	PART
༔		PUNCT
སྟོན་པ་	སྟོན་པ་	NOUN
འི་	གི་	PART
བསྟན་པ་	བསྟན་པ་	VERB
མཆོག་	མཆོག་	ADJ
ཏུ་	ལ་	PART
ཟུངས་	ཟུངས་	VERB
༔		PUNCT
ལྷ་	ལྷ་	NOUN
གཅིག་	གཅིག་	NUM
ཁྲི་	ཁྲི་	NUM
སྲོང་	སྲོང་	NO_POS
ལྡེའུ་	ལྡེའུ་	OTHER
བཙན་	བཙན་	VERB
དང་	དང་	NO_POS
༔		PUNCT
རྗེ་བཙུན་	རྗེ་བཙུན་	NOUN
པདྨ་	པདྨ་	NOUN
སཾ་		NON_WORD
བྷ་བ་	བྷ་བ་	NO_POS
༔		PUNCT
ཁོ་བོ་བོ་	ཁོ་བོ་བོ་	PRON
དྷི་		NON_WORD
སཏྭ་		NON_WORD
ཡི་	གིས་	PART
༔		PUNCT
བཀའ་ཁྲིམས་	བཀའ་ཁྲིམས་	NOUN
བཅས་པ་	བཅས་པ་	VERB
ཇི་བཞིན་	ཇི་བཞིན་	OTHER
དུ་	ལ་	PART
༔		PUNCT
ཚེ་	ཚེ་	NOUN
དང་	དང་	NO_POS
ལྡན་	ལྡན་	VERB
རྣམས་	རྣམས་	DET
བྱ་	བྱ་	VERB
དགོས་	དགོས་	VERB
སོ་	གོ་	PART
༔		PUNCT
རྒྱལ་བ་	རྒྱལ་བ་	NOUN
འི་	གི་	PART
བསྟན་པ་	བསྟན་པ་	VERB
ཉམས་	ཉམས་	NOUN
དམའ་	དམའ་	NO_POS
ཞིང་	ཅིང་	PART
༔		PUNCT
ཚེ་	ཚེ་	NOUN
དང་	དང་	NO_POS
ལྡན་པ་	ལྡན་པ་	VERB
ཉམ་ཐག་	ཉམ་ཐག་	NOUN
ན་	ལ་	PART
༔		PUNCT
སྟོན་པ་	སྟོན་པ་	NOUN
འི་	གི་	PART
ཐུགས་རྗེ་	ཐུགས་རྗེ་	NOUN
བསྐུལ་བ་	བསྐུལ་བ་	VERB
ར་	ལ་	PART
གྱིས་	གིས་	PART
༔		PUNCT
ང་	ང་	PRON
ལ་	ལ་	PART
གསོལ་བ་	གསོལ་བ་	VERB
ཡང་ཡང་	ཡང་ཡང་	NO_POS
ཐོབས་		NON_WORD
༔		PUNCT
ཕྱི་	ཕྱི་	NOUN
ལྟ་	ལྟ་	OTHER
འདུལ་ཁྲིམས་	འདུལ་ཁྲིམས་	NO_POS
ལེགས་པ་	ལེགས་པ་	VERB
ར་	ལ་	PART
སྲུངས་	སྲུངས་	VERB
༔		PUNCT
ནང་ལྟར་	ནང་ལྟར་	NO_POS
བྱང་ཆུབ་	བྱང་ཆུབ་	NOUN
སེམས་	སེམས་	NOUN
འབྱོངས་	འབྱོངས་	NO_POS
ན་	ནས་	PART
༔		PUNCT
གསང་བ་	གསང་བ་	VERB
སྔགས་	སྔགས་	NOUN
ཀྱི་	གི་	PART
གྲུབ་པ་	གྲུབ་པ་	VERB
བརྙེས་	བརྙེས་	NO_POS
༔		PUNCT
ལྕང་ལོ་	ལྕང་ལོ་	NO_POS
ཅན་	ཅན་	PART
དུ་	ལ་	PART
མངོན་	མངོན་	VERB
འཚང་	འཚང་	VERB
རྒྱ་	རྒྱ་	NOUN
༔		PUNCT
གསང་བ་	གསང་བ་	VERB
འི་	གི་	PART
བདག་པོ་	བདག་པོ་	NOUN
ར་	ལ་	PART
དབྱེ་	དབྱེ་	VERB
ར་	ལ་	PART
མེད་	མེད་	VERB
ཅིང་	ཅིང་	PART
༔		PUNCT
སྤྲུལ་པ་	སྤྲུལ་པ་	VERB
ས་	གིས་	PART
བོད་	བོད་	PROPN
ཀྱི་	གི་	PART
བསྟན་པ་	བསྟན་པ་	VERB
སྐྱོང་	སྐྱོང་	VERB
༔		PUNCT
དེ་ཕྱིར་	དེ་ཕྱིར་	NO_POS
བྱིན་རླབས་	བྱིན་རླབས་	NOUN
ངེས་པ་		
འཇུག་	འཇུག་	VERB
༔		PUNCT
བདག་	བདག་	PRON
གིས་	གིས་	PART
བསླབས་པ་	བསླབས་པ་	VERB
དེ་བཞིན་	དེ་བཞིན་	OTHER
དུ་	ལ་	PART
༔		PUNCT
ཕྱི་	ཕྱི་	NOUN
ལྟ་	ལྟ་	OTHER
འདུལ་ཁྲིམས་	འདུལ་ཁྲིམས་	NO_POS
མ་	མ་	PART
ཉམས་	ཉམས་	NOUN
ཤིང་	ཅིང་	PART
༔		PUNCT
ནང་ལྟར་	ནང་ལྟར་	NO_POS
བྱང་ཆུབ་	བྱང་ཆུབ་	NOUN
སེམས་	སེམས་	NOUN
སྦྱོངས་	སྦྱོངས་	VERB
ལ་	ལ་	PART
༔		PUNCT
གསང་བ་	གསང་བ་	VERB
སྔགས་	སྔགས་	NOUN
ཀྱི་	གི་	PART
རིམ་གཉིས་	རིམ་གཉིས་	OTHER
སྒོམས་	སྒོམས་	VERB
༔		PUNCT
སྤྱིིར་		NON_WORD
ནི་	ནི་	NO_POS
རྒྱལ་བ་	རྒྱལ་བ་	NOUN
འི་	གི་	PART
སྐུ་གསུང་ཐུགས་	སྐུ་གསུང་ཐུགས་	NOUN
༔		PUNCT
ལེགས་པ་	ལེགས་པ་	VERB
ར་	ལ་	PART
བཞེངས་	བཞེངས་	NO_POS
ལ་	ལ་	PART
བཀུར་སྟི་	བཀུར་སྟི་	NOUN
བྱ་	བྱ་	VERB
༔		PUNCT
རྟེན་འབྲེལ་	རྟེན་འབྲེལ་	NOUN
བདག་	བདག་	PRON
གི་	གི་	PART
སྐུ་	སྐུ་	NOUN
བཞེངས་	བཞེངས་	NO_POS
ན་	ནས་	PART
༔		PUNCT
བཀའ་	བཀའ་	NOUN
ཆེམས་	ཆེམས་	NO_POS
བསྒྲགས་	བསྒྲགས་	NO_POS
ལ་	ལ་	PART
སེམས་བསྐྱེད་	སེམས་བསྐྱེད་	NOUN
བྱ་	བྱ་	VERB
༔		PUNCT
མདུན་	མདུན་	NOUN
གྱི་	གི་	PART
ནམ་མཁ་	ནམ་མཁའ་	NOUN
ར་	ལ་	PART
སྤྱན་	སྤྱན་	NOUN
དྲངས་	དྲངས་	NO_POS
ལ་	ལ་	PART
༔		PUNCT
ཕྱག་	ཕྱག་	NOUN
འཚལ་	འཚལ་	VERB
མཆོད་བསྟོད་	མཆོད་བསྟོད་	NOUN
གསོལ་འདེབས་	གསོལ་འདེབས་	NOUN
ན་	ལ་	PART
༔		PUNCT
རྣམ་དག་	རྣམ་དག་	ADJ
ཚུལ་ཁྲིམས་	ཚུལ་ཁྲིམས་	NOUN
ལེགས་པ་	ལེགས་པ་	VERB
ར་	ལ་	PART
འགྱུར་	འགྱུར་	VERB
༔		PUNCT
རང་	རང་	PRON
གི་	གི་	PART
སྙིང་ག་	སྙིང་ག་	NOUN
ར་	ལ་	PART
གསལ་	གསལ་	VERB
བསྒོམས་པ་	བསྒོམས་པ་	VERB
ས་	གིས་	PART
༔		PUNCT
བྱང་ཆུབ་	བྱང་ཆུབ་	NOUN
སེམས་	སེམས་	NOUN
མཆོག་	མཆོག་	ADJ
འབྱོངས་པ་	འབྱོངས་པ་	VERB
ར་	ལ་	PART
འགྱུར་	འགྱུར་	VERB
༔		PUNCT
དབྱེ་	དབྱེ་	VERB
ར་	ལ་	PART
མེད་	མེད་	VERB
སྐུ་	སྐུ་	NOUN
ཡི་	གི་	PART
ང་རྒྱལ་	ང་རྒྱལ་	NOUN
གཟུང་	གཟུང་	VERB
༔		PUNCT
དངོས་གྲུབ་	དངོས་གྲུབ་	NOUN
ཐོབ་	ཐོབ་	VERB
ཅིང་	ཅིང་	PART
དགེ་འདུན་	དགེ་འདུན་	NOUN
འདུ་	འདུ་	VERB
༔		PUNCT
དེ་	སྟེ་	PART
ནི་	ནི་	NO_POS
ནང་	ནང་	NOUN
གི་	གི་	PART
ཞལ་ཆེམས་	ཞལ་ཆེམས་	NOUN
སོ་	གོ་	PART
༔		PUNCT
ཐམས་ཅད་	ཐམས་ཅད་	DET
སྟོང་ཉིད་	སྟོང་ཉིད་	NOUN
ངང་	ངང་	NOUN
དུ་	ལ་	PART
གཞག་	གཞག་	VERB
༔		PUNCT
གཟུགས་	གཟུགས་	NOUN
ན་	ནས་	PART
རྣམ་མཁྱེན་	རྣམ་མཁྱེན་	NOUN
བ་	བ་	NOUN
དག་	དག་	DET
ཏུ་	ལ་	PART
༔		PUNCT
ཐམས་ཅད་	ཐམས་ཅད་	DET
རང་བཞིན་	རང་བཞིན་	NOUN
མེད་པ་	མེད་པ་	VERB
ར་	ལ་	PART
གནས་	གནས་	NOUN
༔		PUNCT
སེམས་ཉིད་	སེམས་ཉིད་	NOUN
གཟུང་འཛིན་	གཟུང་འཛིན་	NOUN
གྱིས་	གིས་	PART
སྟོང་པ་	སྟོང་པ་	VERB
ས་	གིས་	PART
༔		PUNCT
རི་	རི་	NOUN
མེད་	མེད་	VERB
བདག་གཞན་	བདག་གཞན་	NOUN
བྲལ་བ་	བྲལ་བ་	VERB
ཡི་	གི་	PART
༔		PUNCT
སྤྲོས་པ་	སྤྲོས་པ་	VERB
མེད་པ་	མེད་པ་	VERB
འི་	གི་	PART
ངང་	ངང་	NOUN
ལ་	ལ་	PART
ཞོག་	ཞོག་	VERB
༔		PUNCT
དེ་	སྟེ་	PART
ནི་	ནི་	NO_POS
གསང་བ་	གསང་བ་	VERB
འི་	གི་	PART
སྙིང་ཏིག་	སྙིང་ཏིག་	OTHER
གོ་	གོ་	PART
༔		PUNCT
ས་	ས་	ADP
མ་	མ་	PART
ཡ་	ཡ་	NOUN
༔		PUNCT
ཡ་	ཡ་	OTHER
ལུང་	ལུང་	NOUN
དཔལ་	དཔལ་	OTHER
གྱི་	གི་	PART
ཁྲ་འབྲུག་	ཁྲ་འབྲུག་	PROPN
གི་	གི་	PART
གཙུག་ལག་ཁང་	གཙུག་ལག་ཁང་	NOUN
ཆེན་པོ་	ཆེན་པོ་	ADJ
ར་	ལ་	PART
སྔགས་འཆང་	སྔགས་འཆང་	NOUN
པདྨ་	པདྨ་	NOUN
འབྱུང་གནས་	འབྱུང་གནས་	NOUN
ཀྱིས་	གིས་	PART
རྗེ་འབངས་	རྗེ་འབངས་	OTHER
རིག་	རིག་	VERB
སྔགས་	སྔགས་	NOUN
འཛིན་པ་	འཛིན་པ་	VERB
ཐམས་ཅད་	ཐམས་ཅད་	DET
བསྡུ་	བསྡུ་	VERB
ཏེ་	སྟེ་	PART
བཀའ་	བཀའ་	NOUN
བསྩལ་པ་	བསྩལ་པ་	NO_POS
༔		PUNCT
ཀྭ་		NON_WORD
ཡེ་	ཡེ་	ADV
༔		PUNCT
གསང་སྔགས་	གསང་སྔགས་	NOUN
འཛིན་པ་	འཛིན་པ་	VERB
འི་	གི་	PART
རིག་འཛིན་	རིག་འཛིན་	OTHER
རྣམས་	རྣམས་	DET
༔		PUNCT
དབང་	དབང་	NOUN
གིས་	གིས་	PART
མ་	མ་	PART
སྨིན་	སྨིན་	VERB
གསང་སྔགས་	གསང་སྔགས་	NOUN
སྒོ་		
མ་	མ་	PART
འཇུག་	འཇུག་	VERB
༔		PUNCT
སྨིན་	སྨིན་	VERB
བྱེད་	བྱེད་	VERB
དབང་	དབང་	NOUN
གི་	གི་	PART
རྩ་བ་	རྩ་བ་	NOUN
བླ་མ་	བླ་མ་	NOUN
ཡིན་	ཡིན་	NO_POS
༔		PUNCT
བླ་མ་	བླ་མ་	NOUN
སངས་རྒྱས་	སངས་རྒྱས་	NOUN
དངོ་	དངོ་	NOUN
སུ་	ལ་	PART
མ་	མ་	PART
མཐོང་	མཐོང་	VERB
ན་	ལ་	PART
༔		PUNCT
དེ་	སྟེ་	PART
ཡི་	གི་	PART
རྒྱུད་	རྒྱུད་	NOUN
ལ་	ལ་	PART
ཡོན་ཏན་	ཡོན་ཏན་	NOUN
མི་	མི་	PART
སྐྱེ་བ་	སྐྱེ་བ་	VERB
ས་	གིས་	PART
༔		PUNCT
གསང་སྔགས་	གསང་སྔགས་	NOUN
དམ་ཚིག་	དམ་ཚིག་	NOUN
རྩ་བ་	རྩ་བ་	NOUN
བླ་མ་	བླ་མ་	NOUN
ཡིན་	ཡིན་	NO_POS
༔		PUNCT
དམ་ཚིག་	དམ་ཚིག་	NOUN
མེད་པ་	མེད་པ་	VERB
ས་	གིས་	PART
བསྒྲུབ་པ་	བསྒྲུབ་པ་	VERB
ས་	གིས་	PART
འགྲུབ་	འགྲུབ་	VERB
མི་	མི་	PART
འགྱུར་	འགྱུར་	VERB
༔		PUNCT
གྲུབ་པ་	གྲུབ་པ་	VERB
མ་	མ་	PART
ཐོབ་	ཐོབ་	VERB
སྔགས་པ་	སྔགས་པ་	NOUN
འི་	གི་	PART
གྲུབ་མཐའ་	གྲུབ་མཐའ་	NOUN
མེད་	མེད་	VERB
༔		PUNCT
དང་པོ་	དང་པོ་	ADJ
བླ་མ་	བླ་མ་	NOUN
མཉེས་པ་	མཉེས་པ་	VERB
གསུམ་	གསུམ་	NUM
གྱིས་	གིས་	PART
བསྟེན་	བསྟེན་	VERB
༔		PUNCT
བ་	བ་	NOUN
དུ་	ལ་	PART
སྒོམ་	སྒོམ་	VERB
སྒྲུབ་	སྒྲུབ་	VERB
སྙིང་པོ་	སྙིང་པོ་	NOUN
བླ་མ་	བླ་མ་	NOUN
བསྟེན་	བསྟེན་	VERB
༔		PUNCT
ཐ་མ་	ཐ་མ་	ADJ
འབྲས་བུ་	འབྲས་བུ་	NOUN
བླ་མ་	བླ་མ་	NOUN
འི་	གི་	PART
གོ་འཕང་	གོ་འཕང་	NOUN
ཐོབ་	ཐོབ་	VERB
༔		PUNCT
བླ་མ་	བླ་མ་	NOUN
མ་	མ་	PART
འགྲུབ་	འགྲུབ་	VERB
ཡི་དམ་	ཡི་དམ་	NOUN
འགྲུབ་	འགྲུབ་	VERB
མི་	མི་	PART
སྲིད་	སྲིད་	NOUN
༔		PUNCT
བླ་མ་	བླ་མ་	NOUN
མ་	མ་	PART
མཉེས་	མཉེས་	VERB
མཁའ་འགྲོ་	མཁའ་འགྲོ་	NOUN
ག་ལ་	ག་ལ་	NO_POS
འདུ་	འདུ་	VERB
༔		PUNCT
དགོངས་པ་	དགོངས་པ་	VERB
མ་	མ་	PART
འགྲུབ་	འགྲུབ་	VERB
ཆོས་སྐྱོང་	ཆོས་སྐྱོང་	NOUN
ཕྲིན་ལས་	ཕྲིན་ལས་	NOUN
གཡེལ་	གཡེལ་	NO_POS
༔		PUNCT
ཐུན་མོང་	ཐུན་མོང་	ADJ
མཆོད་པ་	མཆོད་པ་	VERB
ས་	གིས་	PART
མཉེས་པ་	མཉེས་པ་	VERB
ར་	ལ་	PART
མ་	མ་	PART
བྱ་	བྱ་	VERB
ན་	ལ་	PART
༔		PUNCT
ཐུན་མོང་	ཐུན་མོང་	ADJ
དངོས་གྲུབ་	དངོས་གྲུབ་	NOUN
ཐམས་ཅད་	ཐམས་ཅད་	DET
འཐོབ་	འཐོབ་	VERB
མི་	མི་	PART
འགྱུར་	འགྱུར་	VERB
༔		PUNCT
ཟང་ཟིང་	ཟང་ཟིང་	NOUN
བདོག་	བདོག་	VERB
རྒུ་	རྒུ་	VERB
ཚང་	ཚང་	VERB
སྤྲུགས་	སྤྲུགས་	VERB
བླ་མ་	བླ་མ་	NOUN
ར་	ལ་	PART
འབུལ་	འབུལ་	NO_POS
༔		PUNCT
བླ་མ་	བླ་མ་	NOUN
འི་	གི་	PART
སྐུ་མཉེ་	སྐུ་མཉེ་	NO_POS
ས་	གིས་	PART
སྐུ་	སྐུ་	NOUN
ཡི་	གི་	PART
དངོས་གྲུབ་	དངོས་གྲུབ་	NOUN
ཐོབ་	ཐོབ་	VERB
༔		PUNCT
བླ་མ་	བླ་མ་	NOUN
འི་	གི་	PART
གསུང་	གསུང་	VERB
མཉེས་	མཉེས་	VERB
གསུང་	གསུང་	VERB
གི་	གི་	PART
དངོས་གྲུབ་	དངོས་གྲུབ་	NOUN
ཐོབ་	ཐོབ་	VERB
༔		PUNCT
བླ་མ་	བླ་མ་	NOUN
འི་	གི་	PART
ཐུགས་མཉེས་	ཐུགས་མཉེས་	NO_POS
ཐུགས་	ཐུགས་	NOUN
ཀྱི་	གི་	PART
དངོས་གྲུབ་	དངོས་གྲུབ་	NOUN
ཐོབ་	ཐོབ་	VERB
༔		PUNCT
བླ་མ་	བླ་མ་	NOUN
ར་	ལ་	PART
ལོག་ལྟ་	ལོག་ལྟ་	NOUN
རང་ཉིད་	རང་ཉིད་	OTHER
དམྱལ་བ་	དམྱལ་བ་	NOUN
ར་	ལ་	PART
འགྲོ་	འགྲོ་	VERB
༔		PUNCT
བླ་མ་	བླ་མ་	NOUN
ར་	ལ་	PART
བརྙས་	བརྙས་	NO_POS
ན་	ལ་	PART
རང་ཉིད་	རང་ཉིད་	OTHER
དམན་	དམན་	VERB
ས་	ས་	ADP
ར་	ལ་	PART
འབེབ་		NON_WORD
༔		PUNCT
བླ་མ་	བླ་མ་	NOUN
སངས་རྒྱས་	སངས་རྒྱས་	NOUN
དངོ་	དངོ་	NOUN
སུ་	ལ་	PART
མཐོང་	མཐོང་	VERB
གྱུར་	གྱུར་	VERB
ན་	ལ་	PART
༔		PUNCT
རང་ཉིད་	རང་ཉིད་	OTHER
སངས་རྒྱས་	སངས་རྒྱས་	NOUN
ལྟ་བུ་	ལྟ་བུ་	NOUN
ར་	ལ་	PART
གཞན་	གཞན་	DET
གྱིས་	གིས་	PART
བཀུར་	བཀུར་	VERB
༔		PUNCT
མོས་གུས་	མོས་གུས་	NOUN
མཐ་	མཐའ་	NOUN
ར་	ལ་	PART
ཕྱིན་	ཕྱིན་	VERB
ས་ལམ་	ས་ལམ་	OTHER
མཐ་	མཐའ་	NOUN
ར་	ལ་	PART
ཕྱིན་པ་	ཕྱིན་པ་	VERB
ས་	གིས་	PART
༔		PUNCT
དེ་ཕྱིར་	དེ་ཕྱིར་	NO_POS
བླ་མ་	བླ་མ་	NOUN
འི་	གི་	PART
རྣལ་འབྱོར་	རྣལ་འབྱོར་	NOUN
མཆོག་	མཆོག་	ADJ
ཏུ་	ལ་	PART
ཟབ་	ཟབ་	VERB
༔		PUNCT
བླ་མ་	བླ་མ་	NOUN
འི་	གི་	PART
དམ་ཚིག་	དམ་ཚིག་	NOUN
མཆོག་	མཆོག་	ADJ
ཏུ་	ལ་	PART
དག་	དག་	DET
གྱུར་	གྱུར་	VERB
ན་	ལ་	PART
༔		PUNCT
གསང་སྔགས་	གསང་སྔགས་	NOUN
དམ་ཚིག་	དམ་ཚིག་	NOUN
ཐམས་ཅད་	ཐམས་ཅད་	DET
ངང་	ངང་	NOUN
གིས་	གིས་	PART
དག་	དག་	DET
༔		PUNCT
དམ་ཚིག་	དམ་ཚིག་	NOUN
གཙང་བ་	གཙང་བ་	VERB
ས་	གིས་	PART
བསམ་པ་	བསམ་པ་	VERB
ལྷུན་	ལྷུན་	NOUN
གྱིས་	གིས་	PART
འགྲུབ་	འགྲུབ་	VERB
༔		PUNCT
རིགས་	རིགས་	NOUN
བཟང་	བཟང་	VERB
རྒྱུད་	རྒྱུད་	NOUN
འཕེལ་	འཕེལ་	VERB
ཆོ་	ཆོ་	NOUN
ཀྱི་	གི་	PART
ལོངས་སྤྱོད་	ལོངས་སྤྱོད་	NOUN
རྒྱ་	རྒྱ་	VERB
༔		PUNCT
རྩོལ་	རྩོལ་	NO_POS
མེད་	མེད་	VERB
ཟབ་མོ་	ཟབ་མོ་	ADJ
འི་	གི་	PART
དོན་དམ་	དོན་དམ་	NOUN
མྱུར་	མྱུར་	VERB
དུ་	ལ་	PART
རྟོགས་	རྟོགས་	VERB
༔		PUNCT
ད་ལྟ་	ད་ལྟ་	OTHER
བཞུགས་	བཞུགས་	VERB
དང་	དང་	NO_POS
སླད་	སླད་	NOUN
ན་	ནས་	PART
འབྱོན་	འབྱོན་	NO_POS
འགྱུར་	འགྱུར་	VERB
རྣམས་	རྣམས་	DET
༔		PUNCT
བླ་མ་	བླ་མ་	NOUN
འི་	གི་	PART
དམ་ཚིག་	དམ་ཚིག་	NOUN
མཆོག་	མཆོག་	ADJ
ཏུ་	ལ་	PART
བསྲུང་བ་	བསྲུང་བ་	VERB
ར་	ལ་	PART
གྱིས་	གིས་	PART
༔		PUNCT
ཕྱི་	ཕྱི་	NOUN
ནང་	ནང་	NOUN
གསང་བ་	གསང་བ་	VERB
འི་	གི་	PART
གདམས་ངག་	གདམས་ངག་	NOUN
འདི་	འདི་	DET
ར་	ལ་	PART
འདུས་པ་	འདུས་པ་	VERB
ས་	གིས་	PART
༔		PUNCT
འདི་	འདི་	DET
ལ་	ལ་	ADP
ས་	གིས་	PART
ཟབ་པ་	ཟབ་པ་	VERB
འི་	གི་	PART
ཞལ་ཆེམས་	ཞལ་ཆེམས་	NOUN
གཞག་	གཞག་	VERB
རྒྱུ་	རྒྱུ་	NOUN
མེད་	མེད་	VERB
༔		PUNCT
མངའ་བདག་	མངའ་བདག་	NOUN
མཆོག་	མཆོག་	ADJ
དང་བོ་	དང་བོ་	NO_POS
དྷི་		NON_WORD
སཏྭ་		NON_WORD
དང་	དང་	NO_POS
༔		PUNCT
བདག་	བདག་	PRON
གི་	གི་	PART
ཞལ་ཆེམས་	ཞལ་ཆེམས་	NOUN
བཟང་པོ་	བཟང་པོ་	ADJ
འདི་	འདི་	DET
རྣམས་	རྣམས་	DET
ནི་	ནི་	NO_POS
༔		PUNCT
མ་འོངས་	མ་འོངས་	NOUN
དོན་	དོན་	NOUN
དུ་	ལ་	PART
ཟབ་མོ་	ཟབ་མོ་	ADJ
འི་	གི་	PART
གཏེར་	གཏེར་	NOUN
དུ་	ལ་	PART
སྦོ་	སྦོ་	VERB
༔		PUNCT
ས་	ས་	ADP
མ་	མ་	PART
ཡ་	ཡ་	NOUN
༔		PUNCT
དེ་ལྟ་	དེ་ལྟ་	NO_POS
བཀའ་	བཀའ་	NOUN
ཡི་	གི་	PART
ཞལ་ཆེམས་	ཞལ་ཆེམས་	NOUN
འདི་	འདི་	DET
གསུམ་	གསུམ་	NUM
དང་	དང་	NO_POS
༔		PUNCT
བོད་	བོད་	PROPN
ལ་	ལ་	PART
བཀའ་དྲིན་	བཀའ་དྲིན་	NOUN
ཆེ་བ་	ཆེ་བ་	VERB
འི་	གི་	PART
རྗེ་བཙུན་	རྗེ་བཙུན་	NOUN
གསུམ་	གསུམ་	NUM
༔		PUNCT
སྒྲུབ་པ་	སྒྲུབ་པ་	VERB
འི་	གི་	PART
མན་ངག་	མན་ངག་	NOUN
ལས་ཚོགས་	ལས་ཚོགས་	NOUN
ཟབ་མོ་	ཟབ་མོ་	ADJ
རྣམས་	རྣམས་	DET
༔		PUNCT
ཟབ་	ཟབ་	VERB
རྒྱ་	རྒྱ་	VERB
སྐུ་གསུང་ཐུགས་	སྐུ་གསུང་ཐུགས་	NOUN
ཀྱི་	གི་	PART
གནས་	གནས་	NOUN
སུ་	ལ་	PART
སྦ་	སྦ་	PROPN
ས་	གིས་	PART
༔		PUNCT
བོད་	བོད་	PROPN
ཁམས་	ཁམས་	NOUN
སྤྱི་	སྤྱི་	DET
ཡི་	གི་	PART
བསོད་ནམས་	བསོད་ནམས་	NOUN
བཟང་པོ་	བཟང་པོ་	ADJ
ར་	ལ་	PART
སྨིན་	སྨིན་	VERB
༔		PUNCT
རྟེན་འབྱུང་	རྟེན་འབྱུང་	OTHER
ལེགས་པ་	ལེགས་པ་	VERB
ས་	གིས་	PART
ས་སྟེང་	ས་སྟེང་	NOUN
ཐོན་	ཐོན་	VERB
ན་	ནས་	PART
ཀྱང་	ཀྱང་	PART
༔		PUNCT
གུ་རུ་	གུ་རུ་	PROPN
པདྨ་	པདྨ་	NOUN
འི་	གི་	PART
ཐུགས་	ཐུགས་	NOUN
ཀྱི་	གི་	PART
བྱིན་རླབས་	བྱིན་རླབས་	NOUN
ཀྱིས་	གིས་	PART
༔		PUNCT
ཡོན་མཆོད་	ཡོན་མཆོད་	NO_POS
རྗེ་འབངས་	རྗེ་འབངས་	OTHER
སྐྱེ་སྲིད་	སྐྱེ་སྲིད་	NO_POS
སྤྲུལ་པ་	སྤྲུལ་པ་	VERB
འི་	གི་	PART
ཚོགས་	ཚོགས་	NOUN
༔		PUNCT
མ་འོངས་	མ་འོངས་	NOUN
གངས་རི་	གངས་རི་	NOUN
འི་	གི་	PART
ལྗོངས་	ལྗོངས་	NOUN
སུ་	ལ་	PART
དུས་	དུས་	NOUN
གཅིག་	གཅིག་	NUM
འབྱུང་	འབྱུང་	VERB
༔		PUNCT
བོད་	བོད་	PROPN
ཁམས་	ཁམས་	NOUN
བདེ་	བདེ་	VERB
ཐབས་	ཐབས་	NOUN
རྒྱ་	རྒྱ་	NOUN
ཆེ་	ཆེ་	VERB
ར་	ལ་	PART
བརྩོན་པ་	བརྩོན་པ་	VERB
ཡི་	གིས་	PART
༔		PUNCT
རྒྱལ་བ་	རྒྱལ་བ་	NOUN
འི་	གི་	PART
བསྟན་པ་	བསྟན་པ་	VERB
ཡུན་རིང་	ཡུན་རིང་	NOUN
གནས་པ་	གནས་པ་	VERB
དང་	དང་	NO_POS
༔		PUNCT
མཐའ་	མཐའ་	NOUN
བཞི་	བཞི་	NUM
འི་	གི་	PART
ཀླ་ཀློ་	ཀླ་ཀློ་	NO_POS
ངང་	ངང་	NOUN
གིས་	གིས་	PART
བཟློག་པ་	བཟློག་པ་	VERB
དང་	དང་	NO_POS
༔		PUNCT
བོད་	བོད་	PROPN
ཁམས་	ཁམས་	NOUN
བདེ་	བདེ་	VERB
ཞིང་	ཅིང་	PART
སྐྱིད་པ་	སྐྱིད་པ་	VERB
འི་	གི་	PART
དཔལ་	དཔལ་	OTHER
ཐོབ་	ཐོབ་	VERB
ན་	ནས་	PART
༔		PUNCT
བདག་	བདག་	PRON
གི་	གི་	PART
རྒྱལ་སྲས་	རྒྱལ་སྲས་	NOUN
སྤྱོད་པ་	སྤྱོད་པ་	VERB
རླབས་ཆེན་	རླབས་ཆེན་	OTHER
རྣམས་	རྣམས་	DET
༔		PUNCT
ཟབ་མོ་	ཟབ་མོ་	ADJ
འི་	གི་	PART
ཆོ་	ཆོ་	NOUN
འདི་	འདི་	DET
ར་	ལ་	PART
འཕྲད་	འཕྲད་	VERB
ན་	ནས་	PART
དོན་	དོན་	NOUN
བསྒྲུབས་པ་	བསྒྲུབས་པ་	VERB
ས་	གིས་	PART
༔		PUNCT
ཆབས་ཅིག་	ཆབས་ཅིག་	NO_POS
ལྷུན་གྲུབ་	ལྷུན་གྲུབ་	OTHER
སྨོན་ལམ་	སྨོན་ལམ་	NOUN
མཐའ་	མཐའ་	NOUN
བཙན་པ་	བཙན་པ་	VERB
༔		PUNCT
དེ་	སྟེ་	PART
ཡི་	གི་	PART
དུས་	དུས་	NOUN
སུ་	ལ་	PART
འབྱུང་བ་	འབྱུང་བ་	VERB
ར་	ལ་	PART
ཐེ་ཚོམ་	ཐེ་ཚོམ་	NOUN
མེད་	མེད་	VERB
༔		PUNCT
ཀུན་	ཀུན་	DET
འདུ་	འདུ་	VERB
རྒྱས་པ་	རྒྱས་པ་	VERB
ནམ་མཁའ་	ནམ་མཁའ་	NOUN
མཛོད་	མཛོད་	NOUN
དུ་	ལ་	PART
སྦ་	སྦ་	PROPN
ས་	གིས་	PART
༔		PUNCT
མདོ་	མདོ་	NOUN
བྱང་	བྱང་	NOUN
ལུང་བསྟན་	ལུང་བསྟན་	NOUN
ལེའུ་	ལེའུ་	NOUN
བདུན་པ་	བདུན་པ་	NUM
བཞིན་	བཞིན་	NOUN
༔		PUNCT
ཁམས་	ཁམས་	NOUN
ཀྱི་	གི་	PART
ཕྱོགས་	ཕྱོགས་	NOUN
སུ་	ལ་	PART
ཆོས་བདག་	ཆོས་བདག་	NO_POS
ཉེ་	ཉེ་	NUM
ལྔ་	ལྔ་	NUM
འདུ་	འདུ་	VERB
༔		PUNCT
དབུ་	དབུ་	NOUN
གཙང་	གཙང་	PROPN
ཕྱོགས་	ཕྱོགས་	NOUN
སུ་	ལ་	PART
སུམ་ཅུ་	སུམ་ཅུ་	OTHER
ཐོལ་	ཐོལ་	ADV
གྱིས་	གིས་	PART
འབྱུང་	འབྱུང་	VERB
༔		PUNCT
མངའ་རིས་	མངའ་རིས་	PROPN
མོན་	མོན་	PROPN
གྱི་	གི་	PART
ཡུལ་	ཡུལ་	NOUN
ན་	ནས་	PART
ཉེ་	ཉེ་	NUM
བརྒྱད་	བརྒྱད་	NUM
རྣམས་	རྣམས་	DET
༔		PUNCT
དུས་གསུམ་	དུས་གསུམ་	OTHER
གཟིགས་པ་	གཟིགས་པ་	VERB
གུ་རུ་	གུ་རུ་	PROPN
ས་	གིས་	PART
ལུང་བསྟན་	ལུང་བསྟན་	NOUN
བཞིན་	བཞིན་	NOUN
༔		PUNCT
ང་	ང་	PRON
ཡི་	གི་	PART
སྐྱེ་བ་	སྐྱེ་བ་	VERB
འི་	གི་	PART
ཐ་མ་	ཐ་མ་	ADJ
དེ་	སྟེ་	PART
ལ་	ལ་	PART
འདུན་	འདུན་	VERB
༔		PUNCT
ཕྲིན་ལས་	ཕྲིན་ལས་	NOUN
ཆབ་སྲིད་	ཆབ་སྲིད་	NOUN
འཕེལ་	འཕེལ་	VERB
ན་	ལ་	PART
སྤེལ་	སྤེལ་	VERB
རེ་	རེ་	DET
རན་	རན་	NO_POS
༔		PUNCT
བོད་	བོད་	PROPN
ཁམས་	ཁམས་	NOUN
ཡོངས་	ཡོངས་	DET
ལ་	ལ་	PART
ཕྲིན་ལས་	ཕྲིན་ལས་	NOUN
ཁྱབ་	ཁྱབ་	VERB
གྱུར་པ་	གྱུར་པ་	VERB
ས་	གིས་	PART
༔		PUNCT
དེ་	སྟེ་	PART
ཚེ་	ཚེ་	NOUN
བདེ་	བདེ་	VERB
ཐབས་	ཐབས་	NOUN
ཆོ་	ཆོ་	NOUN
བཅུ་	བཅུ་	NUM
འི་	གི་	PART
དགོངས་	དགོངས་	VERB
དོན་	དོན་	NOUN
འགྲུབ་	འགྲུབ་	VERB
༔		PUNCT
ཡལ་བ་	ཡལ་བ་	VERB
ར་	ལ་	PART
མ་	མ་	PART
དོར་	དོར་	VERB
དམ་ཚིག་	དམ་ཚིག་	NOUN
ས་	ས་	ADP
མ་	མ་	PART
ཡ་	ཡ་	NOUN
༔		PUNCT
ཞེ་	ཅེས་	PART
བཀ་	བཀའ་	NOUN
འི་	གི་	PART
ནན་	ནན་	NOUN
ཐག་	ཐག་	VERB
བཏབ་	བཏབ་	VERB
སྟེ་	སྟེ་	PART
ཡི་གེ་	ཡི་གེ་	NOUN
འདི་	འདི་	DET
བཅའ་	བཅའ་	VERB
སྙིང་པོ་	སྙིང་པོ་	NOUN
འི་	གི་	PART
གདམས་པ་	གདམས་པ་	VERB
ལྔ་	ལྔ་	NUM
༔		PUNCT
བོད་	བོད་	PROPN
ལ་	ལ་	PART
དགེ་བ་	དགེ་བ་	VERB
བོན་	བོན་	NO_POS
གྱི་	གི་	PART
ཚེ་	ཚེ་	NOUN
གཡང་	གཡང་	NOUN
གི་	གི་	PART
སྐོར་	སྐོར་	NOUN
༔		PUNCT
རྩ་	རྩ་	NUM
གསུམ་	གསུམ་	NUM
སྒྱུ་འཕྲུལ་	སྒྱུ་འཕྲུལ་	PROPN
དྲ་བ་	དྲ་བ་	OTHER
འི་	གི་	PART
ཁ་བྱང་	ཁ་བྱང་	OTHER
གི་	གི་	PART
ཤོག་དྲིལ་	ཤོག་དྲིལ་	NOUN
བཅའ་	བཅའ་	VERB
༔		PUNCT
ལྷ་སྲས་	ལྷ་སྲས་	NOUN
བདག་	བདག་	PRON
དང་	དང་	NO_POS
ཇོ་མོ་	ཇོ་མོ་	NOUN
མཚོ་	མཚོ་	NOUN
རྒྱལ་	རྒྱལ་	VERB
གཉིས་	གཉིས་	NUM
རྫུ་འཕྲུལ་	རྫུ་འཕྲུལ་	NOUN
གྱིས་	གིས་	PART
ཕྱིན་	ཕྱིན་	VERB
ཏེ་	སྟེ་	PART
༔		PUNCT
ཁམས་	ཁམས་	NOUN
ཀྱི་	གི་	PART
དཀར་མོ་	དཀར་མོ་	ADJ
སྟག་ཚང་	སྟག་ཚང་	OTHER
སེང་གེ་	སེང་གེ་	NOUN
བསམ་	བསམ་	NOUN
འགྲུབ་	འགྲུབ་	VERB
ཀྱི་	གི་	PART
ཀེའུ་ཚང་	ཀེའུ་ཚང་	NO_POS
གི་	གི་	PART
གསང་	གསང་	VERB
ཕུག་	ཕུག་	NOUN
གོང་མ་	གོང་མ་	ADJ
འི་	གི་	PART
སྒོ་	སྒོ་	NOUN
གདོང་	གདོང་	NOUN
དུ་	ལ་	PART
སྦས་པ་	སྦས་པ་	VERB
འི་	གི་	PART
ཚེ་	ཚེ་	NOUN
༔		PUNCT
གུ་རུ་	གུ་རུ་	PROPN
རིན་པོ་ཆེ་	རིན་པོ་ཆེ་	ADJ
སྐད་ཅིག་	སྐད་ཅིག་	OTHER
གློག་	གློག་	NOUN
འཁྱུགས་པ་	འཁྱུགས་པ་	NO_POS
ལྟ་	ལྟ་	OTHER
བྱོན་	བྱོན་	VERB
ན་	ནས་	PART
ཤིས་པ་	ཤིས་པ་	VERB
བརྗོད་	བརྗོད་	VERB
དེ་	སྟེ་	PART
རབ་ཏུ་	རབ་ཏུ་	NO_POS
གནས་	གནས་	NOUN
ཤིང་	ཅིང་	PART
མེ་ཏོག་	མེ་ཏོག་	NOUN
གི་	གི་	PART
ཆ་	ཆ་	NOUN
ར་	ལ་	PART
བསྙིལ་	བསྙིལ་	NO_POS
༔		PUNCT
སྨོན་ལམ་	སྨོན་ལམ་	NOUN
རྒྱ་	རྒྱ་	NOUN
ཆེ་	ཆེ་	VERB
ར་	ལ་	PART
མཛད་པ་	མཛད་པ་	VERB
ས་	གིས་	PART
དོན་	དོན་	NOUN
དང་	དང་	NO_POS
ལྡན་པ་	ལྡན་པ་	VERB
ར་	ལ་	PART
ངེས་	ངེས་	VERB
སོ་	གོ་	PART
༔		PUNCT
ས་	ས་	ADP
མ་	མ་	PART
ཡ་	ཡ་	NOUN
རྒྱ་	རྒྱ་	NOUN
རྒྱ་	རྒྱ་	NOUN
རྒྱ་	རྒྱ་	NOUN
༔		PUNCT
ཟབ་	ཟབ་	VERB
རྒྱ་	རྒྱ་	NOUN
༔		PUNCT
གཏེར་	གཏེར་	NOUN
རྒྱ་	རྒྱ་	NOUN
༔		PUNCT
གཏད་རྒྱ་	གཏད་རྒྱ་	NOUN
༔		PUNCT
སྤྲུལ་པ་	སྤྲུལ་པ་	VERB
འི་	གི་	PART
གཏེར་ཆེན་	གཏེར་ཆེན་	OTHER
མཆོག་གྱུར་	མཆོག་གྱུར་	ADJ
གླིང་པ་	གླིང་པ་	NOUN
ས་	གིས་	PART
བོད་	བོད་	PROPN
ཁམས་	ཁམས་	NOUN
བཀྲ་ཤིས་	བཀྲ་ཤིས་	NOUN
འབྱུང་བ་	འབྱུང་བ་	VERB
འི་	གི་	PART
གནས་	གནས་	NOUN
ཀྱི་	གི་	PART
བྱེ་བྲག་	བྱེ་བྲག་	NOUN
རོང་	རོང་	PROPN
རྨེ་	རྨེ་	NO_POS
དཀར་མོ་	དཀར་མོ་	ADJ
སྟག་ཚང་	སྟག་ཚང་	OTHER
གི་གུ་	གི་གུ་	NO_POS
རུའི་		NON_WORD
གསང་	གསང་	VERB
ཕུག་	ཕུག་	NOUN
གོང་མ་	གོང་མ་	ADJ
འི་	གི་	PART
གཡའ་	གཡའ་	NOUN
གདོང་	གདོང་	NOUN
ན་	ནས་	PART
།		PUNCT
སྤྱན་	སྤྱན་	NOUN
དྲངས་པ་	དྲངས་པ་	VERB
འི་	གི་	PART
མཆོང་	མཆོང་	VERB
ཤོག་	ཤོག་	VERB
བརྡ་	བརྡའ་	NOUN
འི་	གི་	PART
ཡིག་རིགས་	ཡིག་རིགས་	OTHER
མི་	མི་	PART
འདྲ་བ་	འདྲ་བ་	VERB
དྲུག་	དྲུག་	NUM
ལ་	ལ་	ADP
ས་	གིས་	PART
ཕྲིན་ལས་	ཕྲིན་ལས་	NOUN
འགྲོ་	འགྲོ་	VERB
འདུལ་	འདུལ་	NO_POS
དབང་	དབང་	NOUN
གི་	གི་	PART
གནས་མཆོག་	གནས་མཆོག་	OTHER
རི་བོ་	རི་བོ་	NOUN
དབང་	དབང་	NOUN
ཞུ་	ཞུ་	VERB
འི་	གི་	PART
སྙིང་པོ་	སྙིང་པོ་	NOUN
ཟླ་གམ་	ཟླ་གམ་	ADJ
དབང་ཆེན་	དབང་ཆེན་	OTHER
ཕུག་	ཕུག་	NOUN
ཏུ་	ལ་	PART
གཏན་	གཏན་	NOUN
ལ་	ལ་	PART
ཕབ་པ་	ཕབ་པ་	VERB
འི་	གི་	PART
ཡི་གེ་པ་	ཡི་གེ་པ་	NOUN
ནི་	ནི་	NO_POS
པདྨ་	པདྨ་	NOUN
ག་	ག་	NOUN
དབང་	དབང་	NOUN
བློ་གྲོས་	བློ་གྲོས་	NOUN
མཐའ་	མཐའ་	NOUN
ཡ་		
ཀྱིས་	གིས་	PART
བགྱིས་པ་	བགྱིས་པ་	VERB
དགེ་ལེགས་	དགེ་ལེགས་	OTHER
འཕེལ་	འཕེལ་	VERB
།། །།		PUNCT
